grp_multiheadattention_ap_fixed_16_6_5_3_0_ap_fixed_33_13_5_3_0_config3_s_fu_206,d_query_U,,chan_status1.csv
grp_multiheadattention_ap_fixed_16_6_5_3_0_ap_fixed_33_13_5_3_0_config3_s_fu_206,d_query_1_U,,chan_status2.csv
grp_multiheadattention_ap_fixed_16_6_5_3_0_ap_fixed_33_13_5_3_0_config3_s_fu_206,d_query_2_U,,chan_status3.csv
grp_multiheadattention_ap_fixed_16_6_5_3_0_ap_fixed_33_13_5_3_0_config3_s_fu_206,d_query_3_U,,chan_status4.csv
grp_multiheadattention_ap_fixed_16_6_5_3_0_ap_fixed_33_13_5_3_0_config3_s_fu_206,d_query_4_U,,chan_status5.csv
grp_multiheadattention_ap_fixed_16_6_5_3_0_ap_fixed_33_13_5_3_0_config3_s_fu_206,d_query_5_U,,chan_status6.csv
grp_multiheadattention_ap_fixed_16_6_5_3_0_ap_fixed_33_13_5_3_0_config3_s_fu_206,d_query_6_U,,chan_status7.csv
grp_multiheadattention_ap_fixed_16_6_5_3_0_ap_fixed_33_13_5_3_0_config3_s_fu_206,d_query_7_U,,chan_status8.csv
grp_multiheadattention_ap_fixed_16_6_5_3_0_ap_fixed_33_13_5_3_0_config3_s_fu_206,d_value_U,,chan_status9.csv
grp_multiheadattention_ap_fixed_16_6_5_3_0_ap_fixed_33_13_5_3_0_config3_s_fu_206,d_value_1_U,,chan_status10.csv
grp_multiheadattention_ap_fixed_16_6_5_3_0_ap_fixed_33_13_5_3_0_config3_s_fu_206,d_value_2_U,,chan_status11.csv
grp_multiheadattention_ap_fixed_16_6_5_3_0_ap_fixed_33_13_5_3_0_config3_s_fu_206,d_value_3_U,,chan_status12.csv
grp_multiheadattention_ap_fixed_16_6_5_3_0_ap_fixed_33_13_5_3_0_config3_s_fu_206,d_value_4_U,,chan_status13.csv
grp_multiheadattention_ap_fixed_16_6_5_3_0_ap_fixed_33_13_5_3_0_config3_s_fu_206,d_value_5_U,,chan_status14.csv
grp_multiheadattention_ap_fixed_16_6_5_3_0_ap_fixed_33_13_5_3_0_config3_s_fu_206,d_value_6_U,,chan_status15.csv
grp_multiheadattention_ap_fixed_16_6_5_3_0_ap_fixed_33_13_5_3_0_config3_s_fu_206,d_value_7_U,,chan_status16.csv
grp_multiheadattention_ap_fixed_16_6_5_3_0_ap_fixed_33_13_5_3_0_config3_s_fu_206,k_proj_0_U,,chan_status17.csv
grp_multiheadattention_ap_fixed_16_6_5_3_0_ap_fixed_33_13_5_3_0_config3_s_fu_206,q_proj_0_U,,chan_status18.csv
grp_multiheadattention_ap_fixed_16_6_5_3_0_ap_fixed_33_13_5_3_0_config3_s_fu_206,v_proj_0_U,,chan_status19.csv
grp_multiheadattention_ap_fixed_16_6_5_3_0_ap_fixed_33_13_5_3_0_config3_s_fu_206,k_proj_1_U,,chan_status20.csv
grp_multiheadattention_ap_fixed_16_6_5_3_0_ap_fixed_33_13_5_3_0_config3_s_fu_206,q_proj_1_U,,chan_status21.csv
grp_multiheadattention_ap_fixed_16_6_5_3_0_ap_fixed_33_13_5_3_0_config3_s_fu_206,v_proj_1_U,,chan_status22.csv
grp_multiheadattention_ap_fixed_16_6_5_3_0_ap_fixed_33_13_5_3_0_config3_s_fu_206,qk_mul_0_U,,chan_status23.csv
grp_multiheadattention_ap_fixed_16_6_5_3_0_ap_fixed_33_13_5_3_0_config3_s_fu_206,qk_mul_1_U,,chan_status24.csv
grp_multiheadattention_ap_fixed_16_6_5_3_0_ap_fixed_33_13_5_3_0_config3_s_fu_206,qk_mul_2_U,,chan_status25.csv
grp_multiheadattention_ap_fixed_16_6_5_3_0_ap_fixed_33_13_5_3_0_config3_s_fu_206,qk_mul_3_U,,chan_status26.csv
grp_multiheadattention_ap_fixed_16_6_5_3_0_ap_fixed_33_13_5_3_0_config3_s_fu_206,qk_mul_4_U,,chan_status27.csv
grp_multiheadattention_ap_fixed_16_6_5_3_0_ap_fixed_33_13_5_3_0_config3_s_fu_206,qk_mul_5_U,,chan_status28.csv
grp_multiheadattention_ap_fixed_16_6_5_3_0_ap_fixed_33_13_5_3_0_config3_s_fu_206,qk_mul_6_U,,chan_status29.csv
grp_multiheadattention_ap_fixed_16_6_5_3_0_ap_fixed_33_13_5_3_0_config3_s_fu_206,qk_mul_7_U,,chan_status30.csv
grp_multiheadattention_ap_fixed_16_6_5_3_0_ap_fixed_33_13_5_3_0_config3_s_fu_206,qk_mul_8_U,,chan_status31.csv
grp_multiheadattention_ap_fixed_16_6_5_3_0_ap_fixed_33_13_5_3_0_config3_s_fu_206,qk_mul_9_U,,chan_status32.csv
grp_multiheadattention_ap_fixed_16_6_5_3_0_ap_fixed_33_13_5_3_0_config3_s_fu_206,qk_mul_10_U,,chan_status33.csv
grp_multiheadattention_ap_fixed_16_6_5_3_0_ap_fixed_33_13_5_3_0_config3_s_fu_206,qk_mul_11_U,,chan_status34.csv
grp_multiheadattention_ap_fixed_16_6_5_3_0_ap_fixed_33_13_5_3_0_config3_s_fu_206,qk_mul_12_U,,chan_status35.csv
grp_multiheadattention_ap_fixed_16_6_5_3_0_ap_fixed_33_13_5_3_0_config3_s_fu_206,qk_mul_13_U,,chan_status36.csv
grp_multiheadattention_ap_fixed_16_6_5_3_0_ap_fixed_33_13_5_3_0_config3_s_fu_206,qk_mul_14_U,,chan_status37.csv
grp_multiheadattention_ap_fixed_16_6_5_3_0_ap_fixed_33_13_5_3_0_config3_s_fu_206,qk_mul_15_U,,chan_status38.csv
grp_multiheadattention_ap_fixed_16_6_5_3_0_ap_fixed_33_13_5_3_0_config3_s_fu_206,qk_mul_16_U,,chan_status39.csv
grp_multiheadattention_ap_fixed_16_6_5_3_0_ap_fixed_33_13_5_3_0_config3_s_fu_206,qk_mul_17_U,,chan_status40.csv
grp_multiheadattention_ap_fixed_16_6_5_3_0_ap_fixed_33_13_5_3_0_config3_s_fu_206,qk_mul_18_U,,chan_status41.csv
grp_multiheadattention_ap_fixed_16_6_5_3_0_ap_fixed_33_13_5_3_0_config3_s_fu_206,qk_mul_19_U,,chan_status42.csv
grp_multiheadattention_ap_fixed_16_6_5_3_0_ap_fixed_33_13_5_3_0_config3_s_fu_206,qk_mul_0_1_U,,chan_status43.csv
grp_multiheadattention_ap_fixed_16_6_5_3_0_ap_fixed_33_13_5_3_0_config3_s_fu_206,qk_mul_1_1_U,,chan_status44.csv
grp_multiheadattention_ap_fixed_16_6_5_3_0_ap_fixed_33_13_5_3_0_config3_s_fu_206,qk_mul_2_1_U,,chan_status45.csv
grp_multiheadattention_ap_fixed_16_6_5_3_0_ap_fixed_33_13_5_3_0_config3_s_fu_206,qk_mul_3_1_U,,chan_status46.csv
grp_multiheadattention_ap_fixed_16_6_5_3_0_ap_fixed_33_13_5_3_0_config3_s_fu_206,qk_mul_4_1_U,,chan_status47.csv
grp_multiheadattention_ap_fixed_16_6_5_3_0_ap_fixed_33_13_5_3_0_config3_s_fu_206,qk_mul_5_1_U,,chan_status48.csv
grp_multiheadattention_ap_fixed_16_6_5_3_0_ap_fixed_33_13_5_3_0_config3_s_fu_206,qk_mul_6_1_U,,chan_status49.csv
grp_multiheadattention_ap_fixed_16_6_5_3_0_ap_fixed_33_13_5_3_0_config3_s_fu_206,qk_mul_7_1_U,,chan_status50.csv
grp_multiheadattention_ap_fixed_16_6_5_3_0_ap_fixed_33_13_5_3_0_config3_s_fu_206,qk_mul_8_1_U,,chan_status51.csv
grp_multiheadattention_ap_fixed_16_6_5_3_0_ap_fixed_33_13_5_3_0_config3_s_fu_206,qk_mul_9_1_U,,chan_status52.csv
grp_multiheadattention_ap_fixed_16_6_5_3_0_ap_fixed_33_13_5_3_0_config3_s_fu_206,qk_mul_10_1_U,,chan_status53.csv
grp_multiheadattention_ap_fixed_16_6_5_3_0_ap_fixed_33_13_5_3_0_config3_s_fu_206,qk_mul_11_1_U,,chan_status54.csv
grp_multiheadattention_ap_fixed_16_6_5_3_0_ap_fixed_33_13_5_3_0_config3_s_fu_206,qk_mul_12_1_U,,chan_status55.csv
grp_multiheadattention_ap_fixed_16_6_5_3_0_ap_fixed_33_13_5_3_0_config3_s_fu_206,qk_mul_13_1_U,,chan_status56.csv
grp_multiheadattention_ap_fixed_16_6_5_3_0_ap_fixed_33_13_5_3_0_config3_s_fu_206,qk_mul_14_1_U,,chan_status57.csv
grp_multiheadattention_ap_fixed_16_6_5_3_0_ap_fixed_33_13_5_3_0_config3_s_fu_206,qk_mul_15_1_U,,chan_status58.csv
grp_multiheadattention_ap_fixed_16_6_5_3_0_ap_fixed_33_13_5_3_0_config3_s_fu_206,qk_mul_16_1_U,,chan_status59.csv
grp_multiheadattention_ap_fixed_16_6_5_3_0_ap_fixed_33_13_5_3_0_config3_s_fu_206,qk_mul_17_1_U,,chan_status60.csv
grp_multiheadattention_ap_fixed_16_6_5_3_0_ap_fixed_33_13_5_3_0_config3_s_fu_206,qk_mul_18_1_U,,chan_status61.csv
grp_multiheadattention_ap_fixed_16_6_5_3_0_ap_fixed_33_13_5_3_0_config3_s_fu_206,qk_mul_19_1_U,,chan_status62.csv
grp_multiheadattention_ap_fixed_16_6_5_3_0_ap_fixed_33_13_5_3_0_config3_s_fu_206,qk_mul_0_2_U,,chan_status63.csv
grp_multiheadattention_ap_fixed_16_6_5_3_0_ap_fixed_33_13_5_3_0_config3_s_fu_206,qk_mul_1_2_U,,chan_status64.csv
grp_multiheadattention_ap_fixed_16_6_5_3_0_ap_fixed_33_13_5_3_0_config3_s_fu_206,qk_mul_2_2_U,,chan_status65.csv
grp_multiheadattention_ap_fixed_16_6_5_3_0_ap_fixed_33_13_5_3_0_config3_s_fu_206,qk_mul_3_2_U,,chan_status66.csv
grp_multiheadattention_ap_fixed_16_6_5_3_0_ap_fixed_33_13_5_3_0_config3_s_fu_206,qk_mul_4_2_U,,chan_status67.csv
grp_multiheadattention_ap_fixed_16_6_5_3_0_ap_fixed_33_13_5_3_0_config3_s_fu_206,qk_mul_5_2_U,,chan_status68.csv
grp_multiheadattention_ap_fixed_16_6_5_3_0_ap_fixed_33_13_5_3_0_config3_s_fu_206,qk_mul_6_2_U,,chan_status69.csv
grp_multiheadattention_ap_fixed_16_6_5_3_0_ap_fixed_33_13_5_3_0_config3_s_fu_206,qk_mul_7_2_U,,chan_status70.csv
grp_multiheadattention_ap_fixed_16_6_5_3_0_ap_fixed_33_13_5_3_0_config3_s_fu_206,qk_mul_8_2_U,,chan_status71.csv
grp_multiheadattention_ap_fixed_16_6_5_3_0_ap_fixed_33_13_5_3_0_config3_s_fu_206,qk_mul_9_2_U,,chan_status72.csv
grp_multiheadattention_ap_fixed_16_6_5_3_0_ap_fixed_33_13_5_3_0_config3_s_fu_206,qk_mul_10_2_U,,chan_status73.csv
grp_multiheadattention_ap_fixed_16_6_5_3_0_ap_fixed_33_13_5_3_0_config3_s_fu_206,qk_mul_11_2_U,,chan_status74.csv
grp_multiheadattention_ap_fixed_16_6_5_3_0_ap_fixed_33_13_5_3_0_config3_s_fu_206,qk_mul_12_2_U,,chan_status75.csv
grp_multiheadattention_ap_fixed_16_6_5_3_0_ap_fixed_33_13_5_3_0_config3_s_fu_206,qk_mul_13_2_U,,chan_status76.csv
grp_multiheadattention_ap_fixed_16_6_5_3_0_ap_fixed_33_13_5_3_0_config3_s_fu_206,qk_mul_14_2_U,,chan_status77.csv
grp_multiheadattention_ap_fixed_16_6_5_3_0_ap_fixed_33_13_5_3_0_config3_s_fu_206,qk_mul_15_2_U,,chan_status78.csv
grp_multiheadattention_ap_fixed_16_6_5_3_0_ap_fixed_33_13_5_3_0_config3_s_fu_206,qk_mul_16_2_U,,chan_status79.csv
grp_multiheadattention_ap_fixed_16_6_5_3_0_ap_fixed_33_13_5_3_0_config3_s_fu_206,qk_mul_17_2_U,,chan_status80.csv
grp_multiheadattention_ap_fixed_16_6_5_3_0_ap_fixed_33_13_5_3_0_config3_s_fu_206,qk_mul_18_2_U,,chan_status81.csv
grp_multiheadattention_ap_fixed_16_6_5_3_0_ap_fixed_33_13_5_3_0_config3_s_fu_206,qk_mul_19_2_U,,chan_status82.csv
grp_multiheadattention_ap_fixed_16_6_5_3_0_ap_fixed_33_13_5_3_0_config3_s_fu_206,qk_mul_0_3_U,,chan_status83.csv
grp_multiheadattention_ap_fixed_16_6_5_3_0_ap_fixed_33_13_5_3_0_config3_s_fu_206,qk_mul_1_3_U,,chan_status84.csv
grp_multiheadattention_ap_fixed_16_6_5_3_0_ap_fixed_33_13_5_3_0_config3_s_fu_206,qk_mul_2_3_U,,chan_status85.csv
grp_multiheadattention_ap_fixed_16_6_5_3_0_ap_fixed_33_13_5_3_0_config3_s_fu_206,qk_mul_3_3_U,,chan_status86.csv
grp_multiheadattention_ap_fixed_16_6_5_3_0_ap_fixed_33_13_5_3_0_config3_s_fu_206,qk_mul_4_3_U,,chan_status87.csv
grp_multiheadattention_ap_fixed_16_6_5_3_0_ap_fixed_33_13_5_3_0_config3_s_fu_206,qk_mul_5_3_U,,chan_status88.csv
grp_multiheadattention_ap_fixed_16_6_5_3_0_ap_fixed_33_13_5_3_0_config3_s_fu_206,qk_mul_6_3_U,,chan_status89.csv
grp_multiheadattention_ap_fixed_16_6_5_3_0_ap_fixed_33_13_5_3_0_config3_s_fu_206,qk_mul_7_3_U,,chan_status90.csv
grp_multiheadattention_ap_fixed_16_6_5_3_0_ap_fixed_33_13_5_3_0_config3_s_fu_206,qk_mul_8_3_U,,chan_status91.csv
grp_multiheadattention_ap_fixed_16_6_5_3_0_ap_fixed_33_13_5_3_0_config3_s_fu_206,qk_mul_9_3_U,,chan_status92.csv
grp_multiheadattention_ap_fixed_16_6_5_3_0_ap_fixed_33_13_5_3_0_config3_s_fu_206,qk_mul_10_3_U,,chan_status93.csv
grp_multiheadattention_ap_fixed_16_6_5_3_0_ap_fixed_33_13_5_3_0_config3_s_fu_206,qk_mul_11_3_U,,chan_status94.csv
grp_multiheadattention_ap_fixed_16_6_5_3_0_ap_fixed_33_13_5_3_0_config3_s_fu_206,qk_mul_12_3_U,,chan_status95.csv
grp_multiheadattention_ap_fixed_16_6_5_3_0_ap_fixed_33_13_5_3_0_config3_s_fu_206,qk_mul_13_3_U,,chan_status96.csv
grp_multiheadattention_ap_fixed_16_6_5_3_0_ap_fixed_33_13_5_3_0_config3_s_fu_206,qk_mul_14_3_U,,chan_status97.csv
grp_multiheadattention_ap_fixed_16_6_5_3_0_ap_fixed_33_13_5_3_0_config3_s_fu_206,qk_mul_15_3_U,,chan_status98.csv
grp_multiheadattention_ap_fixed_16_6_5_3_0_ap_fixed_33_13_5_3_0_config3_s_fu_206,qk_mul_16_3_U,,chan_status99.csv
grp_multiheadattention_ap_fixed_16_6_5_3_0_ap_fixed_33_13_5_3_0_config3_s_fu_206,qk_mul_17_3_U,,chan_status100.csv
grp_multiheadattention_ap_fixed_16_6_5_3_0_ap_fixed_33_13_5_3_0_config3_s_fu_206,qk_mul_18_3_U,,chan_status101.csv
grp_multiheadattention_ap_fixed_16_6_5_3_0_ap_fixed_33_13_5_3_0_config3_s_fu_206,qk_mul_19_3_U,,chan_status102.csv
grp_multiheadattention_ap_fixed_16_6_5_3_0_ap_fixed_33_13_5_3_0_config3_s_fu_206,qk_mul_0_4_U,,chan_status103.csv
grp_multiheadattention_ap_fixed_16_6_5_3_0_ap_fixed_33_13_5_3_0_config3_s_fu_206,qk_mul_1_4_U,,chan_status104.csv
grp_multiheadattention_ap_fixed_16_6_5_3_0_ap_fixed_33_13_5_3_0_config3_s_fu_206,qk_mul_2_4_U,,chan_status105.csv
grp_multiheadattention_ap_fixed_16_6_5_3_0_ap_fixed_33_13_5_3_0_config3_s_fu_206,qk_mul_3_4_U,,chan_status106.csv
grp_multiheadattention_ap_fixed_16_6_5_3_0_ap_fixed_33_13_5_3_0_config3_s_fu_206,qk_mul_4_4_U,,chan_status107.csv
grp_multiheadattention_ap_fixed_16_6_5_3_0_ap_fixed_33_13_5_3_0_config3_s_fu_206,qk_mul_5_4_U,,chan_status108.csv
grp_multiheadattention_ap_fixed_16_6_5_3_0_ap_fixed_33_13_5_3_0_config3_s_fu_206,qk_mul_6_4_U,,chan_status109.csv
grp_multiheadattention_ap_fixed_16_6_5_3_0_ap_fixed_33_13_5_3_0_config3_s_fu_206,qk_mul_7_4_U,,chan_status110.csv
grp_multiheadattention_ap_fixed_16_6_5_3_0_ap_fixed_33_13_5_3_0_config3_s_fu_206,qk_mul_8_4_U,,chan_status111.csv
grp_multiheadattention_ap_fixed_16_6_5_3_0_ap_fixed_33_13_5_3_0_config3_s_fu_206,qk_mul_9_4_U,,chan_status112.csv
grp_multiheadattention_ap_fixed_16_6_5_3_0_ap_fixed_33_13_5_3_0_config3_s_fu_206,qk_mul_10_4_U,,chan_status113.csv
grp_multiheadattention_ap_fixed_16_6_5_3_0_ap_fixed_33_13_5_3_0_config3_s_fu_206,qk_mul_11_4_U,,chan_status114.csv
grp_multiheadattention_ap_fixed_16_6_5_3_0_ap_fixed_33_13_5_3_0_config3_s_fu_206,qk_mul_12_4_U,,chan_status115.csv
grp_multiheadattention_ap_fixed_16_6_5_3_0_ap_fixed_33_13_5_3_0_config3_s_fu_206,qk_mul_13_4_U,,chan_status116.csv
grp_multiheadattention_ap_fixed_16_6_5_3_0_ap_fixed_33_13_5_3_0_config3_s_fu_206,qk_mul_14_4_U,,chan_status117.csv
grp_multiheadattention_ap_fixed_16_6_5_3_0_ap_fixed_33_13_5_3_0_config3_s_fu_206,qk_mul_15_4_U,,chan_status118.csv
grp_multiheadattention_ap_fixed_16_6_5_3_0_ap_fixed_33_13_5_3_0_config3_s_fu_206,qk_mul_16_4_U,,chan_status119.csv
grp_multiheadattention_ap_fixed_16_6_5_3_0_ap_fixed_33_13_5_3_0_config3_s_fu_206,qk_mul_17_4_U,,chan_status120.csv
grp_multiheadattention_ap_fixed_16_6_5_3_0_ap_fixed_33_13_5_3_0_config3_s_fu_206,qk_mul_18_4_U,,chan_status121.csv
grp_multiheadattention_ap_fixed_16_6_5_3_0_ap_fixed_33_13_5_3_0_config3_s_fu_206,qk_mul_19_4_U,,chan_status122.csv
grp_multiheadattention_ap_fixed_16_6_5_3_0_ap_fixed_33_13_5_3_0_config3_s_fu_206,qk_mul_0_5_U,,chan_status123.csv
grp_multiheadattention_ap_fixed_16_6_5_3_0_ap_fixed_33_13_5_3_0_config3_s_fu_206,qk_mul_1_5_U,,chan_status124.csv
grp_multiheadattention_ap_fixed_16_6_5_3_0_ap_fixed_33_13_5_3_0_config3_s_fu_206,qk_mul_2_5_U,,chan_status125.csv
grp_multiheadattention_ap_fixed_16_6_5_3_0_ap_fixed_33_13_5_3_0_config3_s_fu_206,qk_mul_3_5_U,,chan_status126.csv
grp_multiheadattention_ap_fixed_16_6_5_3_0_ap_fixed_33_13_5_3_0_config3_s_fu_206,qk_mul_4_5_U,,chan_status127.csv
grp_multiheadattention_ap_fixed_16_6_5_3_0_ap_fixed_33_13_5_3_0_config3_s_fu_206,qk_mul_5_5_U,,chan_status128.csv
grp_multiheadattention_ap_fixed_16_6_5_3_0_ap_fixed_33_13_5_3_0_config3_s_fu_206,qk_mul_6_5_U,,chan_status129.csv
grp_multiheadattention_ap_fixed_16_6_5_3_0_ap_fixed_33_13_5_3_0_config3_s_fu_206,qk_mul_7_5_U,,chan_status130.csv
grp_multiheadattention_ap_fixed_16_6_5_3_0_ap_fixed_33_13_5_3_0_config3_s_fu_206,qk_mul_8_5_U,,chan_status131.csv
grp_multiheadattention_ap_fixed_16_6_5_3_0_ap_fixed_33_13_5_3_0_config3_s_fu_206,qk_mul_9_5_U,,chan_status132.csv
grp_multiheadattention_ap_fixed_16_6_5_3_0_ap_fixed_33_13_5_3_0_config3_s_fu_206,qk_mul_10_5_U,,chan_status133.csv
grp_multiheadattention_ap_fixed_16_6_5_3_0_ap_fixed_33_13_5_3_0_config3_s_fu_206,qk_mul_11_5_U,,chan_status134.csv
grp_multiheadattention_ap_fixed_16_6_5_3_0_ap_fixed_33_13_5_3_0_config3_s_fu_206,qk_mul_12_5_U,,chan_status135.csv
grp_multiheadattention_ap_fixed_16_6_5_3_0_ap_fixed_33_13_5_3_0_config3_s_fu_206,qk_mul_13_5_U,,chan_status136.csv
grp_multiheadattention_ap_fixed_16_6_5_3_0_ap_fixed_33_13_5_3_0_config3_s_fu_206,qk_mul_14_5_U,,chan_status137.csv
grp_multiheadattention_ap_fixed_16_6_5_3_0_ap_fixed_33_13_5_3_0_config3_s_fu_206,qk_mul_15_5_U,,chan_status138.csv
grp_multiheadattention_ap_fixed_16_6_5_3_0_ap_fixed_33_13_5_3_0_config3_s_fu_206,qk_mul_16_5_U,,chan_status139.csv
grp_multiheadattention_ap_fixed_16_6_5_3_0_ap_fixed_33_13_5_3_0_config3_s_fu_206,qk_mul_17_5_U,,chan_status140.csv
grp_multiheadattention_ap_fixed_16_6_5_3_0_ap_fixed_33_13_5_3_0_config3_s_fu_206,qk_mul_18_5_U,,chan_status141.csv
grp_multiheadattention_ap_fixed_16_6_5_3_0_ap_fixed_33_13_5_3_0_config3_s_fu_206,qk_mul_19_5_U,,chan_status142.csv
grp_multiheadattention_ap_fixed_16_6_5_3_0_ap_fixed_33_13_5_3_0_config3_s_fu_206,qk_mul_0_6_U,,chan_status143.csv
grp_multiheadattention_ap_fixed_16_6_5_3_0_ap_fixed_33_13_5_3_0_config3_s_fu_206,qk_mul_1_6_U,,chan_status144.csv
grp_multiheadattention_ap_fixed_16_6_5_3_0_ap_fixed_33_13_5_3_0_config3_s_fu_206,qk_mul_2_6_U,,chan_status145.csv
grp_multiheadattention_ap_fixed_16_6_5_3_0_ap_fixed_33_13_5_3_0_config3_s_fu_206,qk_mul_3_6_U,,chan_status146.csv
grp_multiheadattention_ap_fixed_16_6_5_3_0_ap_fixed_33_13_5_3_0_config3_s_fu_206,qk_mul_4_6_U,,chan_status147.csv
grp_multiheadattention_ap_fixed_16_6_5_3_0_ap_fixed_33_13_5_3_0_config3_s_fu_206,qk_mul_5_6_U,,chan_status148.csv
grp_multiheadattention_ap_fixed_16_6_5_3_0_ap_fixed_33_13_5_3_0_config3_s_fu_206,qk_mul_6_6_U,,chan_status149.csv
grp_multiheadattention_ap_fixed_16_6_5_3_0_ap_fixed_33_13_5_3_0_config3_s_fu_206,qk_mul_7_6_U,,chan_status150.csv
grp_multiheadattention_ap_fixed_16_6_5_3_0_ap_fixed_33_13_5_3_0_config3_s_fu_206,qk_mul_8_6_U,,chan_status151.csv
grp_multiheadattention_ap_fixed_16_6_5_3_0_ap_fixed_33_13_5_3_0_config3_s_fu_206,qk_mul_9_6_U,,chan_status152.csv
grp_multiheadattention_ap_fixed_16_6_5_3_0_ap_fixed_33_13_5_3_0_config3_s_fu_206,qk_mul_10_6_U,,chan_status153.csv
grp_multiheadattention_ap_fixed_16_6_5_3_0_ap_fixed_33_13_5_3_0_config3_s_fu_206,qk_mul_11_6_U,,chan_status154.csv
grp_multiheadattention_ap_fixed_16_6_5_3_0_ap_fixed_33_13_5_3_0_config3_s_fu_206,qk_mul_12_6_U,,chan_status155.csv
grp_multiheadattention_ap_fixed_16_6_5_3_0_ap_fixed_33_13_5_3_0_config3_s_fu_206,qk_mul_13_6_U,,chan_status156.csv
grp_multiheadattention_ap_fixed_16_6_5_3_0_ap_fixed_33_13_5_3_0_config3_s_fu_206,qk_mul_14_6_U,,chan_status157.csv
grp_multiheadattention_ap_fixed_16_6_5_3_0_ap_fixed_33_13_5_3_0_config3_s_fu_206,qk_mul_15_6_U,,chan_status158.csv
grp_multiheadattention_ap_fixed_16_6_5_3_0_ap_fixed_33_13_5_3_0_config3_s_fu_206,qk_mul_16_6_U,,chan_status159.csv
grp_multiheadattention_ap_fixed_16_6_5_3_0_ap_fixed_33_13_5_3_0_config3_s_fu_206,qk_mul_17_6_U,,chan_status160.csv
grp_multiheadattention_ap_fixed_16_6_5_3_0_ap_fixed_33_13_5_3_0_config3_s_fu_206,qk_mul_18_6_U,,chan_status161.csv
grp_multiheadattention_ap_fixed_16_6_5_3_0_ap_fixed_33_13_5_3_0_config3_s_fu_206,qk_mul_19_6_U,,chan_status162.csv
grp_multiheadattention_ap_fixed_16_6_5_3_0_ap_fixed_33_13_5_3_0_config3_s_fu_206,qk_mul_0_7_U,,chan_status163.csv
grp_multiheadattention_ap_fixed_16_6_5_3_0_ap_fixed_33_13_5_3_0_config3_s_fu_206,qk_mul_1_7_U,,chan_status164.csv
grp_multiheadattention_ap_fixed_16_6_5_3_0_ap_fixed_33_13_5_3_0_config3_s_fu_206,qk_mul_2_7_U,,chan_status165.csv
grp_multiheadattention_ap_fixed_16_6_5_3_0_ap_fixed_33_13_5_3_0_config3_s_fu_206,qk_mul_3_7_U,,chan_status166.csv
grp_multiheadattention_ap_fixed_16_6_5_3_0_ap_fixed_33_13_5_3_0_config3_s_fu_206,qk_mul_4_7_U,,chan_status167.csv
grp_multiheadattention_ap_fixed_16_6_5_3_0_ap_fixed_33_13_5_3_0_config3_s_fu_206,qk_mul_5_7_U,,chan_status168.csv
grp_multiheadattention_ap_fixed_16_6_5_3_0_ap_fixed_33_13_5_3_0_config3_s_fu_206,qk_mul_6_7_U,,chan_status169.csv
grp_multiheadattention_ap_fixed_16_6_5_3_0_ap_fixed_33_13_5_3_0_config3_s_fu_206,qk_mul_7_7_U,,chan_status170.csv
grp_multiheadattention_ap_fixed_16_6_5_3_0_ap_fixed_33_13_5_3_0_config3_s_fu_206,qk_mul_8_7_U,,chan_status171.csv
grp_multiheadattention_ap_fixed_16_6_5_3_0_ap_fixed_33_13_5_3_0_config3_s_fu_206,qk_mul_9_7_U,,chan_status172.csv
grp_multiheadattention_ap_fixed_16_6_5_3_0_ap_fixed_33_13_5_3_0_config3_s_fu_206,qk_mul_10_7_U,,chan_status173.csv
grp_multiheadattention_ap_fixed_16_6_5_3_0_ap_fixed_33_13_5_3_0_config3_s_fu_206,qk_mul_11_7_U,,chan_status174.csv
grp_multiheadattention_ap_fixed_16_6_5_3_0_ap_fixed_33_13_5_3_0_config3_s_fu_206,qk_mul_12_7_U,,chan_status175.csv
grp_multiheadattention_ap_fixed_16_6_5_3_0_ap_fixed_33_13_5_3_0_config3_s_fu_206,qk_mul_13_7_U,,chan_status176.csv
grp_multiheadattention_ap_fixed_16_6_5_3_0_ap_fixed_33_13_5_3_0_config3_s_fu_206,qk_mul_14_7_U,,chan_status177.csv
grp_multiheadattention_ap_fixed_16_6_5_3_0_ap_fixed_33_13_5_3_0_config3_s_fu_206,qk_mul_15_7_U,,chan_status178.csv
grp_multiheadattention_ap_fixed_16_6_5_3_0_ap_fixed_33_13_5_3_0_config3_s_fu_206,qk_mul_16_7_U,,chan_status179.csv
grp_multiheadattention_ap_fixed_16_6_5_3_0_ap_fixed_33_13_5_3_0_config3_s_fu_206,qk_mul_17_7_U,,chan_status180.csv
grp_multiheadattention_ap_fixed_16_6_5_3_0_ap_fixed_33_13_5_3_0_config3_s_fu_206,qk_mul_18_7_U,,chan_status181.csv
grp_multiheadattention_ap_fixed_16_6_5_3_0_ap_fixed_33_13_5_3_0_config3_s_fu_206,qk_mul_19_7_U,,chan_status182.csv
grp_multiheadattention_ap_fixed_16_6_5_3_0_ap_fixed_33_13_5_3_0_config3_s_fu_206,qk_mul_0_8_U,,chan_status183.csv
grp_multiheadattention_ap_fixed_16_6_5_3_0_ap_fixed_33_13_5_3_0_config3_s_fu_206,qk_mul_1_8_U,,chan_status184.csv
grp_multiheadattention_ap_fixed_16_6_5_3_0_ap_fixed_33_13_5_3_0_config3_s_fu_206,qk_mul_2_8_U,,chan_status185.csv
grp_multiheadattention_ap_fixed_16_6_5_3_0_ap_fixed_33_13_5_3_0_config3_s_fu_206,qk_mul_3_8_U,,chan_status186.csv
grp_multiheadattention_ap_fixed_16_6_5_3_0_ap_fixed_33_13_5_3_0_config3_s_fu_206,qk_mul_4_8_U,,chan_status187.csv
grp_multiheadattention_ap_fixed_16_6_5_3_0_ap_fixed_33_13_5_3_0_config3_s_fu_206,qk_mul_5_8_U,,chan_status188.csv
grp_multiheadattention_ap_fixed_16_6_5_3_0_ap_fixed_33_13_5_3_0_config3_s_fu_206,qk_mul_6_8_U,,chan_status189.csv
grp_multiheadattention_ap_fixed_16_6_5_3_0_ap_fixed_33_13_5_3_0_config3_s_fu_206,qk_mul_7_8_U,,chan_status190.csv
grp_multiheadattention_ap_fixed_16_6_5_3_0_ap_fixed_33_13_5_3_0_config3_s_fu_206,qk_mul_8_8_U,,chan_status191.csv
grp_multiheadattention_ap_fixed_16_6_5_3_0_ap_fixed_33_13_5_3_0_config3_s_fu_206,qk_mul_9_8_U,,chan_status192.csv
grp_multiheadattention_ap_fixed_16_6_5_3_0_ap_fixed_33_13_5_3_0_config3_s_fu_206,qk_mul_10_8_U,,chan_status193.csv
grp_multiheadattention_ap_fixed_16_6_5_3_0_ap_fixed_33_13_5_3_0_config3_s_fu_206,qk_mul_11_8_U,,chan_status194.csv
grp_multiheadattention_ap_fixed_16_6_5_3_0_ap_fixed_33_13_5_3_0_config3_s_fu_206,qk_mul_12_8_U,,chan_status195.csv
grp_multiheadattention_ap_fixed_16_6_5_3_0_ap_fixed_33_13_5_3_0_config3_s_fu_206,qk_mul_13_8_U,,chan_status196.csv
grp_multiheadattention_ap_fixed_16_6_5_3_0_ap_fixed_33_13_5_3_0_config3_s_fu_206,qk_mul_14_8_U,,chan_status197.csv
grp_multiheadattention_ap_fixed_16_6_5_3_0_ap_fixed_33_13_5_3_0_config3_s_fu_206,qk_mul_15_8_U,,chan_status198.csv
grp_multiheadattention_ap_fixed_16_6_5_3_0_ap_fixed_33_13_5_3_0_config3_s_fu_206,qk_mul_16_8_U,,chan_status199.csv
grp_multiheadattention_ap_fixed_16_6_5_3_0_ap_fixed_33_13_5_3_0_config3_s_fu_206,qk_mul_17_8_U,,chan_status200.csv
grp_multiheadattention_ap_fixed_16_6_5_3_0_ap_fixed_33_13_5_3_0_config3_s_fu_206,qk_mul_18_8_U,,chan_status201.csv
grp_multiheadattention_ap_fixed_16_6_5_3_0_ap_fixed_33_13_5_3_0_config3_s_fu_206,qk_mul_19_8_U,,chan_status202.csv
grp_multiheadattention_ap_fixed_16_6_5_3_0_ap_fixed_33_13_5_3_0_config3_s_fu_206,qk_mul_0_9_U,,chan_status203.csv
grp_multiheadattention_ap_fixed_16_6_5_3_0_ap_fixed_33_13_5_3_0_config3_s_fu_206,qk_mul_1_9_U,,chan_status204.csv
grp_multiheadattention_ap_fixed_16_6_5_3_0_ap_fixed_33_13_5_3_0_config3_s_fu_206,qk_mul_2_9_U,,chan_status205.csv
grp_multiheadattention_ap_fixed_16_6_5_3_0_ap_fixed_33_13_5_3_0_config3_s_fu_206,qk_mul_3_9_U,,chan_status206.csv
grp_multiheadattention_ap_fixed_16_6_5_3_0_ap_fixed_33_13_5_3_0_config3_s_fu_206,qk_mul_4_9_U,,chan_status207.csv
grp_multiheadattention_ap_fixed_16_6_5_3_0_ap_fixed_33_13_5_3_0_config3_s_fu_206,qk_mul_5_9_U,,chan_status208.csv
grp_multiheadattention_ap_fixed_16_6_5_3_0_ap_fixed_33_13_5_3_0_config3_s_fu_206,qk_mul_6_9_U,,chan_status209.csv
grp_multiheadattention_ap_fixed_16_6_5_3_0_ap_fixed_33_13_5_3_0_config3_s_fu_206,qk_mul_7_9_U,,chan_status210.csv
grp_multiheadattention_ap_fixed_16_6_5_3_0_ap_fixed_33_13_5_3_0_config3_s_fu_206,qk_mul_8_9_U,,chan_status211.csv
grp_multiheadattention_ap_fixed_16_6_5_3_0_ap_fixed_33_13_5_3_0_config3_s_fu_206,qk_mul_9_9_U,,chan_status212.csv
grp_multiheadattention_ap_fixed_16_6_5_3_0_ap_fixed_33_13_5_3_0_config3_s_fu_206,qk_mul_10_9_U,,chan_status213.csv
grp_multiheadattention_ap_fixed_16_6_5_3_0_ap_fixed_33_13_5_3_0_config3_s_fu_206,qk_mul_11_9_U,,chan_status214.csv
grp_multiheadattention_ap_fixed_16_6_5_3_0_ap_fixed_33_13_5_3_0_config3_s_fu_206,qk_mul_12_9_U,,chan_status215.csv
grp_multiheadattention_ap_fixed_16_6_5_3_0_ap_fixed_33_13_5_3_0_config3_s_fu_206,qk_mul_13_9_U,,chan_status216.csv
grp_multiheadattention_ap_fixed_16_6_5_3_0_ap_fixed_33_13_5_3_0_config3_s_fu_206,qk_mul_14_9_U,,chan_status217.csv
grp_multiheadattention_ap_fixed_16_6_5_3_0_ap_fixed_33_13_5_3_0_config3_s_fu_206,qk_mul_15_9_U,,chan_status218.csv
grp_multiheadattention_ap_fixed_16_6_5_3_0_ap_fixed_33_13_5_3_0_config3_s_fu_206,qk_mul_16_9_U,,chan_status219.csv
grp_multiheadattention_ap_fixed_16_6_5_3_0_ap_fixed_33_13_5_3_0_config3_s_fu_206,qk_mul_17_9_U,,chan_status220.csv
grp_multiheadattention_ap_fixed_16_6_5_3_0_ap_fixed_33_13_5_3_0_config3_s_fu_206,qk_mul_18_9_U,,chan_status221.csv
grp_multiheadattention_ap_fixed_16_6_5_3_0_ap_fixed_33_13_5_3_0_config3_s_fu_206,qk_mul_19_9_U,,chan_status222.csv
grp_multiheadattention_ap_fixed_16_6_5_3_0_ap_fixed_33_13_5_3_0_config3_s_fu_206,qk_mul_0_10_U,,chan_status223.csv
grp_multiheadattention_ap_fixed_16_6_5_3_0_ap_fixed_33_13_5_3_0_config3_s_fu_206,qk_mul_1_10_U,,chan_status224.csv
grp_multiheadattention_ap_fixed_16_6_5_3_0_ap_fixed_33_13_5_3_0_config3_s_fu_206,qk_mul_2_10_U,,chan_status225.csv
grp_multiheadattention_ap_fixed_16_6_5_3_0_ap_fixed_33_13_5_3_0_config3_s_fu_206,qk_mul_3_10_U,,chan_status226.csv
grp_multiheadattention_ap_fixed_16_6_5_3_0_ap_fixed_33_13_5_3_0_config3_s_fu_206,qk_mul_4_10_U,,chan_status227.csv
grp_multiheadattention_ap_fixed_16_6_5_3_0_ap_fixed_33_13_5_3_0_config3_s_fu_206,qk_mul_5_10_U,,chan_status228.csv
grp_multiheadattention_ap_fixed_16_6_5_3_0_ap_fixed_33_13_5_3_0_config3_s_fu_206,qk_mul_6_10_U,,chan_status229.csv
grp_multiheadattention_ap_fixed_16_6_5_3_0_ap_fixed_33_13_5_3_0_config3_s_fu_206,qk_mul_7_10_U,,chan_status230.csv
grp_multiheadattention_ap_fixed_16_6_5_3_0_ap_fixed_33_13_5_3_0_config3_s_fu_206,qk_mul_8_10_U,,chan_status231.csv
grp_multiheadattention_ap_fixed_16_6_5_3_0_ap_fixed_33_13_5_3_0_config3_s_fu_206,qk_mul_9_10_U,,chan_status232.csv
grp_multiheadattention_ap_fixed_16_6_5_3_0_ap_fixed_33_13_5_3_0_config3_s_fu_206,qk_mul_10_10_U,,chan_status233.csv
grp_multiheadattention_ap_fixed_16_6_5_3_0_ap_fixed_33_13_5_3_0_config3_s_fu_206,qk_mul_11_10_U,,chan_status234.csv
grp_multiheadattention_ap_fixed_16_6_5_3_0_ap_fixed_33_13_5_3_0_config3_s_fu_206,qk_mul_12_10_U,,chan_status235.csv
grp_multiheadattention_ap_fixed_16_6_5_3_0_ap_fixed_33_13_5_3_0_config3_s_fu_206,qk_mul_13_10_U,,chan_status236.csv
grp_multiheadattention_ap_fixed_16_6_5_3_0_ap_fixed_33_13_5_3_0_config3_s_fu_206,qk_mul_14_10_U,,chan_status237.csv
grp_multiheadattention_ap_fixed_16_6_5_3_0_ap_fixed_33_13_5_3_0_config3_s_fu_206,qk_mul_15_10_U,,chan_status238.csv
grp_multiheadattention_ap_fixed_16_6_5_3_0_ap_fixed_33_13_5_3_0_config3_s_fu_206,qk_mul_16_10_U,,chan_status239.csv
grp_multiheadattention_ap_fixed_16_6_5_3_0_ap_fixed_33_13_5_3_0_config3_s_fu_206,qk_mul_17_10_U,,chan_status240.csv
grp_multiheadattention_ap_fixed_16_6_5_3_0_ap_fixed_33_13_5_3_0_config3_s_fu_206,qk_mul_18_10_U,,chan_status241.csv
grp_multiheadattention_ap_fixed_16_6_5_3_0_ap_fixed_33_13_5_3_0_config3_s_fu_206,qk_mul_19_10_U,,chan_status242.csv
grp_multiheadattention_ap_fixed_16_6_5_3_0_ap_fixed_33_13_5_3_0_config3_s_fu_206,qk_mul_0_11_U,,chan_status243.csv
grp_multiheadattention_ap_fixed_16_6_5_3_0_ap_fixed_33_13_5_3_0_config3_s_fu_206,qk_mul_1_11_U,,chan_status244.csv
grp_multiheadattention_ap_fixed_16_6_5_3_0_ap_fixed_33_13_5_3_0_config3_s_fu_206,qk_mul_2_11_U,,chan_status245.csv
grp_multiheadattention_ap_fixed_16_6_5_3_0_ap_fixed_33_13_5_3_0_config3_s_fu_206,qk_mul_3_11_U,,chan_status246.csv
grp_multiheadattention_ap_fixed_16_6_5_3_0_ap_fixed_33_13_5_3_0_config3_s_fu_206,qk_mul_4_11_U,,chan_status247.csv
grp_multiheadattention_ap_fixed_16_6_5_3_0_ap_fixed_33_13_5_3_0_config3_s_fu_206,qk_mul_5_11_U,,chan_status248.csv
grp_multiheadattention_ap_fixed_16_6_5_3_0_ap_fixed_33_13_5_3_0_config3_s_fu_206,qk_mul_6_11_U,,chan_status249.csv
grp_multiheadattention_ap_fixed_16_6_5_3_0_ap_fixed_33_13_5_3_0_config3_s_fu_206,qk_mul_7_11_U,,chan_status250.csv
grp_multiheadattention_ap_fixed_16_6_5_3_0_ap_fixed_33_13_5_3_0_config3_s_fu_206,qk_mul_8_11_U,,chan_status251.csv
grp_multiheadattention_ap_fixed_16_6_5_3_0_ap_fixed_33_13_5_3_0_config3_s_fu_206,qk_mul_9_11_U,,chan_status252.csv
grp_multiheadattention_ap_fixed_16_6_5_3_0_ap_fixed_33_13_5_3_0_config3_s_fu_206,qk_mul_10_11_U,,chan_status253.csv
grp_multiheadattention_ap_fixed_16_6_5_3_0_ap_fixed_33_13_5_3_0_config3_s_fu_206,qk_mul_11_11_U,,chan_status254.csv
grp_multiheadattention_ap_fixed_16_6_5_3_0_ap_fixed_33_13_5_3_0_config3_s_fu_206,qk_mul_12_11_U,,chan_status255.csv
grp_multiheadattention_ap_fixed_16_6_5_3_0_ap_fixed_33_13_5_3_0_config3_s_fu_206,qk_mul_13_11_U,,chan_status256.csv
grp_multiheadattention_ap_fixed_16_6_5_3_0_ap_fixed_33_13_5_3_0_config3_s_fu_206,qk_mul_14_11_U,,chan_status257.csv
grp_multiheadattention_ap_fixed_16_6_5_3_0_ap_fixed_33_13_5_3_0_config3_s_fu_206,qk_mul_15_11_U,,chan_status258.csv
grp_multiheadattention_ap_fixed_16_6_5_3_0_ap_fixed_33_13_5_3_0_config3_s_fu_206,qk_mul_16_11_U,,chan_status259.csv
grp_multiheadattention_ap_fixed_16_6_5_3_0_ap_fixed_33_13_5_3_0_config3_s_fu_206,qk_mul_17_11_U,,chan_status260.csv
grp_multiheadattention_ap_fixed_16_6_5_3_0_ap_fixed_33_13_5_3_0_config3_s_fu_206,qk_mul_18_11_U,,chan_status261.csv
grp_multiheadattention_ap_fixed_16_6_5_3_0_ap_fixed_33_13_5_3_0_config3_s_fu_206,qk_mul_19_11_U,,chan_status262.csv
grp_multiheadattention_ap_fixed_16_6_5_3_0_ap_fixed_33_13_5_3_0_config3_s_fu_206,qk_mul_0_12_U,,chan_status263.csv
grp_multiheadattention_ap_fixed_16_6_5_3_0_ap_fixed_33_13_5_3_0_config3_s_fu_206,qk_mul_1_12_U,,chan_status264.csv
grp_multiheadattention_ap_fixed_16_6_5_3_0_ap_fixed_33_13_5_3_0_config3_s_fu_206,qk_mul_2_12_U,,chan_status265.csv
grp_multiheadattention_ap_fixed_16_6_5_3_0_ap_fixed_33_13_5_3_0_config3_s_fu_206,qk_mul_3_12_U,,chan_status266.csv
grp_multiheadattention_ap_fixed_16_6_5_3_0_ap_fixed_33_13_5_3_0_config3_s_fu_206,qk_mul_4_12_U,,chan_status267.csv
grp_multiheadattention_ap_fixed_16_6_5_3_0_ap_fixed_33_13_5_3_0_config3_s_fu_206,qk_mul_5_12_U,,chan_status268.csv
grp_multiheadattention_ap_fixed_16_6_5_3_0_ap_fixed_33_13_5_3_0_config3_s_fu_206,qk_mul_6_12_U,,chan_status269.csv
grp_multiheadattention_ap_fixed_16_6_5_3_0_ap_fixed_33_13_5_3_0_config3_s_fu_206,qk_mul_7_12_U,,chan_status270.csv
grp_multiheadattention_ap_fixed_16_6_5_3_0_ap_fixed_33_13_5_3_0_config3_s_fu_206,qk_mul_8_12_U,,chan_status271.csv
grp_multiheadattention_ap_fixed_16_6_5_3_0_ap_fixed_33_13_5_3_0_config3_s_fu_206,qk_mul_9_12_U,,chan_status272.csv
grp_multiheadattention_ap_fixed_16_6_5_3_0_ap_fixed_33_13_5_3_0_config3_s_fu_206,qk_mul_10_12_U,,chan_status273.csv
grp_multiheadattention_ap_fixed_16_6_5_3_0_ap_fixed_33_13_5_3_0_config3_s_fu_206,qk_mul_11_12_U,,chan_status274.csv
grp_multiheadattention_ap_fixed_16_6_5_3_0_ap_fixed_33_13_5_3_0_config3_s_fu_206,qk_mul_12_12_U,,chan_status275.csv
grp_multiheadattention_ap_fixed_16_6_5_3_0_ap_fixed_33_13_5_3_0_config3_s_fu_206,qk_mul_13_12_U,,chan_status276.csv
grp_multiheadattention_ap_fixed_16_6_5_3_0_ap_fixed_33_13_5_3_0_config3_s_fu_206,qk_mul_14_12_U,,chan_status277.csv
grp_multiheadattention_ap_fixed_16_6_5_3_0_ap_fixed_33_13_5_3_0_config3_s_fu_206,qk_mul_15_12_U,,chan_status278.csv
grp_multiheadattention_ap_fixed_16_6_5_3_0_ap_fixed_33_13_5_3_0_config3_s_fu_206,qk_mul_16_12_U,,chan_status279.csv
grp_multiheadattention_ap_fixed_16_6_5_3_0_ap_fixed_33_13_5_3_0_config3_s_fu_206,qk_mul_17_12_U,,chan_status280.csv
grp_multiheadattention_ap_fixed_16_6_5_3_0_ap_fixed_33_13_5_3_0_config3_s_fu_206,qk_mul_18_12_U,,chan_status281.csv
grp_multiheadattention_ap_fixed_16_6_5_3_0_ap_fixed_33_13_5_3_0_config3_s_fu_206,qk_mul_19_12_U,,chan_status282.csv
grp_multiheadattention_ap_fixed_16_6_5_3_0_ap_fixed_33_13_5_3_0_config3_s_fu_206,qk_mul_0_13_U,,chan_status283.csv
grp_multiheadattention_ap_fixed_16_6_5_3_0_ap_fixed_33_13_5_3_0_config3_s_fu_206,qk_mul_1_13_U,,chan_status284.csv
grp_multiheadattention_ap_fixed_16_6_5_3_0_ap_fixed_33_13_5_3_0_config3_s_fu_206,qk_mul_2_13_U,,chan_status285.csv
grp_multiheadattention_ap_fixed_16_6_5_3_0_ap_fixed_33_13_5_3_0_config3_s_fu_206,qk_mul_3_13_U,,chan_status286.csv
grp_multiheadattention_ap_fixed_16_6_5_3_0_ap_fixed_33_13_5_3_0_config3_s_fu_206,qk_mul_4_13_U,,chan_status287.csv
grp_multiheadattention_ap_fixed_16_6_5_3_0_ap_fixed_33_13_5_3_0_config3_s_fu_206,qk_mul_5_13_U,,chan_status288.csv
grp_multiheadattention_ap_fixed_16_6_5_3_0_ap_fixed_33_13_5_3_0_config3_s_fu_206,qk_mul_6_13_U,,chan_status289.csv
grp_multiheadattention_ap_fixed_16_6_5_3_0_ap_fixed_33_13_5_3_0_config3_s_fu_206,qk_mul_7_13_U,,chan_status290.csv
grp_multiheadattention_ap_fixed_16_6_5_3_0_ap_fixed_33_13_5_3_0_config3_s_fu_206,qk_mul_8_13_U,,chan_status291.csv
grp_multiheadattention_ap_fixed_16_6_5_3_0_ap_fixed_33_13_5_3_0_config3_s_fu_206,qk_mul_9_13_U,,chan_status292.csv
grp_multiheadattention_ap_fixed_16_6_5_3_0_ap_fixed_33_13_5_3_0_config3_s_fu_206,qk_mul_10_13_U,,chan_status293.csv
grp_multiheadattention_ap_fixed_16_6_5_3_0_ap_fixed_33_13_5_3_0_config3_s_fu_206,qk_mul_11_13_U,,chan_status294.csv
grp_multiheadattention_ap_fixed_16_6_5_3_0_ap_fixed_33_13_5_3_0_config3_s_fu_206,qk_mul_12_13_U,,chan_status295.csv
grp_multiheadattention_ap_fixed_16_6_5_3_0_ap_fixed_33_13_5_3_0_config3_s_fu_206,qk_mul_13_13_U,,chan_status296.csv
grp_multiheadattention_ap_fixed_16_6_5_3_0_ap_fixed_33_13_5_3_0_config3_s_fu_206,qk_mul_14_13_U,,chan_status297.csv
grp_multiheadattention_ap_fixed_16_6_5_3_0_ap_fixed_33_13_5_3_0_config3_s_fu_206,qk_mul_15_13_U,,chan_status298.csv
grp_multiheadattention_ap_fixed_16_6_5_3_0_ap_fixed_33_13_5_3_0_config3_s_fu_206,qk_mul_16_13_U,,chan_status299.csv
grp_multiheadattention_ap_fixed_16_6_5_3_0_ap_fixed_33_13_5_3_0_config3_s_fu_206,qk_mul_17_13_U,,chan_status300.csv
grp_multiheadattention_ap_fixed_16_6_5_3_0_ap_fixed_33_13_5_3_0_config3_s_fu_206,qk_mul_18_13_U,,chan_status301.csv
grp_multiheadattention_ap_fixed_16_6_5_3_0_ap_fixed_33_13_5_3_0_config3_s_fu_206,qk_mul_19_13_U,,chan_status302.csv
grp_multiheadattention_ap_fixed_16_6_5_3_0_ap_fixed_33_13_5_3_0_config3_s_fu_206,qk_mul_0_14_U,,chan_status303.csv
grp_multiheadattention_ap_fixed_16_6_5_3_0_ap_fixed_33_13_5_3_0_config3_s_fu_206,qk_mul_1_14_U,,chan_status304.csv
grp_multiheadattention_ap_fixed_16_6_5_3_0_ap_fixed_33_13_5_3_0_config3_s_fu_206,qk_mul_2_14_U,,chan_status305.csv
grp_multiheadattention_ap_fixed_16_6_5_3_0_ap_fixed_33_13_5_3_0_config3_s_fu_206,qk_mul_3_14_U,,chan_status306.csv
grp_multiheadattention_ap_fixed_16_6_5_3_0_ap_fixed_33_13_5_3_0_config3_s_fu_206,qk_mul_4_14_U,,chan_status307.csv
grp_multiheadattention_ap_fixed_16_6_5_3_0_ap_fixed_33_13_5_3_0_config3_s_fu_206,qk_mul_5_14_U,,chan_status308.csv
grp_multiheadattention_ap_fixed_16_6_5_3_0_ap_fixed_33_13_5_3_0_config3_s_fu_206,qk_mul_6_14_U,,chan_status309.csv
grp_multiheadattention_ap_fixed_16_6_5_3_0_ap_fixed_33_13_5_3_0_config3_s_fu_206,qk_mul_7_14_U,,chan_status310.csv
grp_multiheadattention_ap_fixed_16_6_5_3_0_ap_fixed_33_13_5_3_0_config3_s_fu_206,qk_mul_8_14_U,,chan_status311.csv
grp_multiheadattention_ap_fixed_16_6_5_3_0_ap_fixed_33_13_5_3_0_config3_s_fu_206,qk_mul_9_14_U,,chan_status312.csv
grp_multiheadattention_ap_fixed_16_6_5_3_0_ap_fixed_33_13_5_3_0_config3_s_fu_206,qk_mul_10_14_U,,chan_status313.csv
grp_multiheadattention_ap_fixed_16_6_5_3_0_ap_fixed_33_13_5_3_0_config3_s_fu_206,qk_mul_11_14_U,,chan_status314.csv
grp_multiheadattention_ap_fixed_16_6_5_3_0_ap_fixed_33_13_5_3_0_config3_s_fu_206,qk_mul_12_14_U,,chan_status315.csv
grp_multiheadattention_ap_fixed_16_6_5_3_0_ap_fixed_33_13_5_3_0_config3_s_fu_206,qk_mul_13_14_U,,chan_status316.csv
grp_multiheadattention_ap_fixed_16_6_5_3_0_ap_fixed_33_13_5_3_0_config3_s_fu_206,qk_mul_14_14_U,,chan_status317.csv
grp_multiheadattention_ap_fixed_16_6_5_3_0_ap_fixed_33_13_5_3_0_config3_s_fu_206,qk_mul_15_14_U,,chan_status318.csv
grp_multiheadattention_ap_fixed_16_6_5_3_0_ap_fixed_33_13_5_3_0_config3_s_fu_206,qk_mul_16_14_U,,chan_status319.csv
grp_multiheadattention_ap_fixed_16_6_5_3_0_ap_fixed_33_13_5_3_0_config3_s_fu_206,qk_mul_17_14_U,,chan_status320.csv
grp_multiheadattention_ap_fixed_16_6_5_3_0_ap_fixed_33_13_5_3_0_config3_s_fu_206,qk_mul_18_14_U,,chan_status321.csv
grp_multiheadattention_ap_fixed_16_6_5_3_0_ap_fixed_33_13_5_3_0_config3_s_fu_206,qk_mul_19_14_U,,chan_status322.csv
grp_multiheadattention_ap_fixed_16_6_5_3_0_ap_fixed_33_13_5_3_0_config3_s_fu_206,qk_mul_0_15_U,,chan_status323.csv
grp_multiheadattention_ap_fixed_16_6_5_3_0_ap_fixed_33_13_5_3_0_config3_s_fu_206,qk_mul_1_15_U,,chan_status324.csv
grp_multiheadattention_ap_fixed_16_6_5_3_0_ap_fixed_33_13_5_3_0_config3_s_fu_206,qk_mul_2_15_U,,chan_status325.csv
grp_multiheadattention_ap_fixed_16_6_5_3_0_ap_fixed_33_13_5_3_0_config3_s_fu_206,qk_mul_3_15_U,,chan_status326.csv
grp_multiheadattention_ap_fixed_16_6_5_3_0_ap_fixed_33_13_5_3_0_config3_s_fu_206,qk_mul_4_15_U,,chan_status327.csv
grp_multiheadattention_ap_fixed_16_6_5_3_0_ap_fixed_33_13_5_3_0_config3_s_fu_206,qk_mul_5_15_U,,chan_status328.csv
grp_multiheadattention_ap_fixed_16_6_5_3_0_ap_fixed_33_13_5_3_0_config3_s_fu_206,qk_mul_6_15_U,,chan_status329.csv
grp_multiheadattention_ap_fixed_16_6_5_3_0_ap_fixed_33_13_5_3_0_config3_s_fu_206,qk_mul_7_15_U,,chan_status330.csv
grp_multiheadattention_ap_fixed_16_6_5_3_0_ap_fixed_33_13_5_3_0_config3_s_fu_206,qk_mul_8_15_U,,chan_status331.csv
grp_multiheadattention_ap_fixed_16_6_5_3_0_ap_fixed_33_13_5_3_0_config3_s_fu_206,qk_mul_9_15_U,,chan_status332.csv
grp_multiheadattention_ap_fixed_16_6_5_3_0_ap_fixed_33_13_5_3_0_config3_s_fu_206,qk_mul_10_15_U,,chan_status333.csv
grp_multiheadattention_ap_fixed_16_6_5_3_0_ap_fixed_33_13_5_3_0_config3_s_fu_206,qk_mul_11_15_U,,chan_status334.csv
grp_multiheadattention_ap_fixed_16_6_5_3_0_ap_fixed_33_13_5_3_0_config3_s_fu_206,qk_mul_12_15_U,,chan_status335.csv
grp_multiheadattention_ap_fixed_16_6_5_3_0_ap_fixed_33_13_5_3_0_config3_s_fu_206,qk_mul_13_15_U,,chan_status336.csv
grp_multiheadattention_ap_fixed_16_6_5_3_0_ap_fixed_33_13_5_3_0_config3_s_fu_206,qk_mul_14_15_U,,chan_status337.csv
grp_multiheadattention_ap_fixed_16_6_5_3_0_ap_fixed_33_13_5_3_0_config3_s_fu_206,qk_mul_15_15_U,,chan_status338.csv
grp_multiheadattention_ap_fixed_16_6_5_3_0_ap_fixed_33_13_5_3_0_config3_s_fu_206,qk_mul_16_15_U,,chan_status339.csv
grp_multiheadattention_ap_fixed_16_6_5_3_0_ap_fixed_33_13_5_3_0_config3_s_fu_206,qk_mul_17_15_U,,chan_status340.csv
grp_multiheadattention_ap_fixed_16_6_5_3_0_ap_fixed_33_13_5_3_0_config3_s_fu_206,qk_mul_18_15_U,,chan_status341.csv
grp_multiheadattention_ap_fixed_16_6_5_3_0_ap_fixed_33_13_5_3_0_config3_s_fu_206,qk_mul_19_15_U,,chan_status342.csv
grp_multiheadattention_ap_fixed_16_6_5_3_0_ap_fixed_33_13_5_3_0_config3_s_fu_206,qk_mul_0_16_U,,chan_status343.csv
grp_multiheadattention_ap_fixed_16_6_5_3_0_ap_fixed_33_13_5_3_0_config3_s_fu_206,qk_mul_1_16_U,,chan_status344.csv
grp_multiheadattention_ap_fixed_16_6_5_3_0_ap_fixed_33_13_5_3_0_config3_s_fu_206,qk_mul_2_16_U,,chan_status345.csv
grp_multiheadattention_ap_fixed_16_6_5_3_0_ap_fixed_33_13_5_3_0_config3_s_fu_206,qk_mul_3_16_U,,chan_status346.csv
grp_multiheadattention_ap_fixed_16_6_5_3_0_ap_fixed_33_13_5_3_0_config3_s_fu_206,qk_mul_4_16_U,,chan_status347.csv
grp_multiheadattention_ap_fixed_16_6_5_3_0_ap_fixed_33_13_5_3_0_config3_s_fu_206,qk_mul_5_16_U,,chan_status348.csv
grp_multiheadattention_ap_fixed_16_6_5_3_0_ap_fixed_33_13_5_3_0_config3_s_fu_206,qk_mul_6_16_U,,chan_status349.csv
grp_multiheadattention_ap_fixed_16_6_5_3_0_ap_fixed_33_13_5_3_0_config3_s_fu_206,qk_mul_7_16_U,,chan_status350.csv
grp_multiheadattention_ap_fixed_16_6_5_3_0_ap_fixed_33_13_5_3_0_config3_s_fu_206,qk_mul_8_16_U,,chan_status351.csv
grp_multiheadattention_ap_fixed_16_6_5_3_0_ap_fixed_33_13_5_3_0_config3_s_fu_206,qk_mul_9_16_U,,chan_status352.csv
grp_multiheadattention_ap_fixed_16_6_5_3_0_ap_fixed_33_13_5_3_0_config3_s_fu_206,qk_mul_10_16_U,,chan_status353.csv
grp_multiheadattention_ap_fixed_16_6_5_3_0_ap_fixed_33_13_5_3_0_config3_s_fu_206,qk_mul_11_16_U,,chan_status354.csv
grp_multiheadattention_ap_fixed_16_6_5_3_0_ap_fixed_33_13_5_3_0_config3_s_fu_206,qk_mul_12_16_U,,chan_status355.csv
grp_multiheadattention_ap_fixed_16_6_5_3_0_ap_fixed_33_13_5_3_0_config3_s_fu_206,qk_mul_13_16_U,,chan_status356.csv
grp_multiheadattention_ap_fixed_16_6_5_3_0_ap_fixed_33_13_5_3_0_config3_s_fu_206,qk_mul_14_16_U,,chan_status357.csv
grp_multiheadattention_ap_fixed_16_6_5_3_0_ap_fixed_33_13_5_3_0_config3_s_fu_206,qk_mul_15_16_U,,chan_status358.csv
grp_multiheadattention_ap_fixed_16_6_5_3_0_ap_fixed_33_13_5_3_0_config3_s_fu_206,qk_mul_16_16_U,,chan_status359.csv
grp_multiheadattention_ap_fixed_16_6_5_3_0_ap_fixed_33_13_5_3_0_config3_s_fu_206,qk_mul_17_16_U,,chan_status360.csv
grp_multiheadattention_ap_fixed_16_6_5_3_0_ap_fixed_33_13_5_3_0_config3_s_fu_206,qk_mul_18_16_U,,chan_status361.csv
grp_multiheadattention_ap_fixed_16_6_5_3_0_ap_fixed_33_13_5_3_0_config3_s_fu_206,qk_mul_19_16_U,,chan_status362.csv
grp_multiheadattention_ap_fixed_16_6_5_3_0_ap_fixed_33_13_5_3_0_config3_s_fu_206,qk_mul_0_17_U,,chan_status363.csv
grp_multiheadattention_ap_fixed_16_6_5_3_0_ap_fixed_33_13_5_3_0_config3_s_fu_206,qk_mul_1_17_U,,chan_status364.csv
grp_multiheadattention_ap_fixed_16_6_5_3_0_ap_fixed_33_13_5_3_0_config3_s_fu_206,qk_mul_2_17_U,,chan_status365.csv
grp_multiheadattention_ap_fixed_16_6_5_3_0_ap_fixed_33_13_5_3_0_config3_s_fu_206,qk_mul_3_17_U,,chan_status366.csv
grp_multiheadattention_ap_fixed_16_6_5_3_0_ap_fixed_33_13_5_3_0_config3_s_fu_206,qk_mul_4_17_U,,chan_status367.csv
grp_multiheadattention_ap_fixed_16_6_5_3_0_ap_fixed_33_13_5_3_0_config3_s_fu_206,qk_mul_5_17_U,,chan_status368.csv
grp_multiheadattention_ap_fixed_16_6_5_3_0_ap_fixed_33_13_5_3_0_config3_s_fu_206,qk_mul_6_17_U,,chan_status369.csv
grp_multiheadattention_ap_fixed_16_6_5_3_0_ap_fixed_33_13_5_3_0_config3_s_fu_206,qk_mul_7_17_U,,chan_status370.csv
grp_multiheadattention_ap_fixed_16_6_5_3_0_ap_fixed_33_13_5_3_0_config3_s_fu_206,qk_mul_8_17_U,,chan_status371.csv
grp_multiheadattention_ap_fixed_16_6_5_3_0_ap_fixed_33_13_5_3_0_config3_s_fu_206,qk_mul_9_17_U,,chan_status372.csv
grp_multiheadattention_ap_fixed_16_6_5_3_0_ap_fixed_33_13_5_3_0_config3_s_fu_206,qk_mul_10_17_U,,chan_status373.csv
grp_multiheadattention_ap_fixed_16_6_5_3_0_ap_fixed_33_13_5_3_0_config3_s_fu_206,qk_mul_11_17_U,,chan_status374.csv
grp_multiheadattention_ap_fixed_16_6_5_3_0_ap_fixed_33_13_5_3_0_config3_s_fu_206,qk_mul_12_17_U,,chan_status375.csv
grp_multiheadattention_ap_fixed_16_6_5_3_0_ap_fixed_33_13_5_3_0_config3_s_fu_206,qk_mul_13_17_U,,chan_status376.csv
grp_multiheadattention_ap_fixed_16_6_5_3_0_ap_fixed_33_13_5_3_0_config3_s_fu_206,qk_mul_14_17_U,,chan_status377.csv
grp_multiheadattention_ap_fixed_16_6_5_3_0_ap_fixed_33_13_5_3_0_config3_s_fu_206,qk_mul_15_17_U,,chan_status378.csv
grp_multiheadattention_ap_fixed_16_6_5_3_0_ap_fixed_33_13_5_3_0_config3_s_fu_206,qk_mul_16_17_U,,chan_status379.csv
grp_multiheadattention_ap_fixed_16_6_5_3_0_ap_fixed_33_13_5_3_0_config3_s_fu_206,qk_mul_17_17_U,,chan_status380.csv
grp_multiheadattention_ap_fixed_16_6_5_3_0_ap_fixed_33_13_5_3_0_config3_s_fu_206,qk_mul_18_17_U,,chan_status381.csv
grp_multiheadattention_ap_fixed_16_6_5_3_0_ap_fixed_33_13_5_3_0_config3_s_fu_206,qk_mul_19_17_U,,chan_status382.csv
grp_multiheadattention_ap_fixed_16_6_5_3_0_ap_fixed_33_13_5_3_0_config3_s_fu_206,qk_mul_0_18_U,,chan_status383.csv
grp_multiheadattention_ap_fixed_16_6_5_3_0_ap_fixed_33_13_5_3_0_config3_s_fu_206,qk_mul_1_18_U,,chan_status384.csv
grp_multiheadattention_ap_fixed_16_6_5_3_0_ap_fixed_33_13_5_3_0_config3_s_fu_206,qk_mul_2_18_U,,chan_status385.csv
grp_multiheadattention_ap_fixed_16_6_5_3_0_ap_fixed_33_13_5_3_0_config3_s_fu_206,qk_mul_3_18_U,,chan_status386.csv
grp_multiheadattention_ap_fixed_16_6_5_3_0_ap_fixed_33_13_5_3_0_config3_s_fu_206,qk_mul_4_18_U,,chan_status387.csv
grp_multiheadattention_ap_fixed_16_6_5_3_0_ap_fixed_33_13_5_3_0_config3_s_fu_206,qk_mul_5_18_U,,chan_status388.csv
grp_multiheadattention_ap_fixed_16_6_5_3_0_ap_fixed_33_13_5_3_0_config3_s_fu_206,qk_mul_6_18_U,,chan_status389.csv
grp_multiheadattention_ap_fixed_16_6_5_3_0_ap_fixed_33_13_5_3_0_config3_s_fu_206,qk_mul_7_18_U,,chan_status390.csv
grp_multiheadattention_ap_fixed_16_6_5_3_0_ap_fixed_33_13_5_3_0_config3_s_fu_206,qk_mul_8_18_U,,chan_status391.csv
grp_multiheadattention_ap_fixed_16_6_5_3_0_ap_fixed_33_13_5_3_0_config3_s_fu_206,qk_mul_9_18_U,,chan_status392.csv
grp_multiheadattention_ap_fixed_16_6_5_3_0_ap_fixed_33_13_5_3_0_config3_s_fu_206,qk_mul_10_18_U,,chan_status393.csv
grp_multiheadattention_ap_fixed_16_6_5_3_0_ap_fixed_33_13_5_3_0_config3_s_fu_206,qk_mul_11_18_U,,chan_status394.csv
grp_multiheadattention_ap_fixed_16_6_5_3_0_ap_fixed_33_13_5_3_0_config3_s_fu_206,qk_mul_12_18_U,,chan_status395.csv
grp_multiheadattention_ap_fixed_16_6_5_3_0_ap_fixed_33_13_5_3_0_config3_s_fu_206,qk_mul_13_18_U,,chan_status396.csv
grp_multiheadattention_ap_fixed_16_6_5_3_0_ap_fixed_33_13_5_3_0_config3_s_fu_206,qk_mul_14_18_U,,chan_status397.csv
grp_multiheadattention_ap_fixed_16_6_5_3_0_ap_fixed_33_13_5_3_0_config3_s_fu_206,qk_mul_15_18_U,,chan_status398.csv
grp_multiheadattention_ap_fixed_16_6_5_3_0_ap_fixed_33_13_5_3_0_config3_s_fu_206,qk_mul_16_18_U,,chan_status399.csv
grp_multiheadattention_ap_fixed_16_6_5_3_0_ap_fixed_33_13_5_3_0_config3_s_fu_206,qk_mul_17_18_U,,chan_status400.csv
grp_multiheadattention_ap_fixed_16_6_5_3_0_ap_fixed_33_13_5_3_0_config3_s_fu_206,qk_mul_18_18_U,,chan_status401.csv
grp_multiheadattention_ap_fixed_16_6_5_3_0_ap_fixed_33_13_5_3_0_config3_s_fu_206,qk_mul_19_18_U,,chan_status402.csv
grp_multiheadattention_ap_fixed_16_6_5_3_0_ap_fixed_33_13_5_3_0_config3_s_fu_206,qk_mul_0_19_U,,chan_status403.csv
grp_multiheadattention_ap_fixed_16_6_5_3_0_ap_fixed_33_13_5_3_0_config3_s_fu_206,qk_mul_1_19_U,,chan_status404.csv
grp_multiheadattention_ap_fixed_16_6_5_3_0_ap_fixed_33_13_5_3_0_config3_s_fu_206,qk_mul_2_19_U,,chan_status405.csv
grp_multiheadattention_ap_fixed_16_6_5_3_0_ap_fixed_33_13_5_3_0_config3_s_fu_206,qk_mul_3_19_U,,chan_status406.csv
grp_multiheadattention_ap_fixed_16_6_5_3_0_ap_fixed_33_13_5_3_0_config3_s_fu_206,qk_mul_4_19_U,,chan_status407.csv
grp_multiheadattention_ap_fixed_16_6_5_3_0_ap_fixed_33_13_5_3_0_config3_s_fu_206,qk_mul_5_19_U,,chan_status408.csv
grp_multiheadattention_ap_fixed_16_6_5_3_0_ap_fixed_33_13_5_3_0_config3_s_fu_206,qk_mul_6_19_U,,chan_status409.csv
grp_multiheadattention_ap_fixed_16_6_5_3_0_ap_fixed_33_13_5_3_0_config3_s_fu_206,qk_mul_7_19_U,,chan_status410.csv
grp_multiheadattention_ap_fixed_16_6_5_3_0_ap_fixed_33_13_5_3_0_config3_s_fu_206,qk_mul_8_19_U,,chan_status411.csv
grp_multiheadattention_ap_fixed_16_6_5_3_0_ap_fixed_33_13_5_3_0_config3_s_fu_206,qk_mul_9_19_U,,chan_status412.csv
grp_multiheadattention_ap_fixed_16_6_5_3_0_ap_fixed_33_13_5_3_0_config3_s_fu_206,qk_mul_10_19_U,,chan_status413.csv
grp_multiheadattention_ap_fixed_16_6_5_3_0_ap_fixed_33_13_5_3_0_config3_s_fu_206,qk_mul_11_19_U,,chan_status414.csv
grp_multiheadattention_ap_fixed_16_6_5_3_0_ap_fixed_33_13_5_3_0_config3_s_fu_206,qk_mul_12_19_U,,chan_status415.csv
grp_multiheadattention_ap_fixed_16_6_5_3_0_ap_fixed_33_13_5_3_0_config3_s_fu_206,qk_mul_13_19_U,,chan_status416.csv
grp_multiheadattention_ap_fixed_16_6_5_3_0_ap_fixed_33_13_5_3_0_config3_s_fu_206,qk_mul_14_19_U,,chan_status417.csv
grp_multiheadattention_ap_fixed_16_6_5_3_0_ap_fixed_33_13_5_3_0_config3_s_fu_206,qk_mul_15_19_U,,chan_status418.csv
grp_multiheadattention_ap_fixed_16_6_5_3_0_ap_fixed_33_13_5_3_0_config3_s_fu_206,qk_mul_16_19_U,,chan_status419.csv
grp_multiheadattention_ap_fixed_16_6_5_3_0_ap_fixed_33_13_5_3_0_config3_s_fu_206,qk_mul_17_19_U,,chan_status420.csv
grp_multiheadattention_ap_fixed_16_6_5_3_0_ap_fixed_33_13_5_3_0_config3_s_fu_206,qk_mul_18_19_U,,chan_status421.csv
grp_multiheadattention_ap_fixed_16_6_5_3_0_ap_fixed_33_13_5_3_0_config3_s_fu_206,qk_mul_19_19_U,,chan_status422.csv
grp_multiheadattention_ap_fixed_16_6_5_3_0_ap_fixed_33_13_5_3_0_config3_s_fu_206,matr_out_U,,chan_status423.csv
grp_multiheadattention_ap_fixed_16_6_5_3_0_ap_fixed_33_13_5_3_0_config3_s_fu_206,matr_out_1_U,,chan_status424.csv
grp_multiheadattention_ap_fixed_16_6_5_3_0_ap_fixed_33_13_5_3_0_config3_s_fu_206,qk_mul_0_20_U,,chan_status425.csv
grp_multiheadattention_ap_fixed_16_6_5_3_0_ap_fixed_33_13_5_3_0_config3_s_fu_206,qk_mul_1_20_U,,chan_status426.csv
grp_multiheadattention_ap_fixed_16_6_5_3_0_ap_fixed_33_13_5_3_0_config3_s_fu_206,qk_mul_2_20_U,,chan_status427.csv
grp_multiheadattention_ap_fixed_16_6_5_3_0_ap_fixed_33_13_5_3_0_config3_s_fu_206,qk_mul_3_20_U,,chan_status428.csv
grp_multiheadattention_ap_fixed_16_6_5_3_0_ap_fixed_33_13_5_3_0_config3_s_fu_206,qk_mul_4_20_U,,chan_status429.csv
grp_multiheadattention_ap_fixed_16_6_5_3_0_ap_fixed_33_13_5_3_0_config3_s_fu_206,qk_mul_5_20_U,,chan_status430.csv
grp_multiheadattention_ap_fixed_16_6_5_3_0_ap_fixed_33_13_5_3_0_config3_s_fu_206,qk_mul_6_20_U,,chan_status431.csv
grp_multiheadattention_ap_fixed_16_6_5_3_0_ap_fixed_33_13_5_3_0_config3_s_fu_206,qk_mul_7_20_U,,chan_status432.csv
grp_multiheadattention_ap_fixed_16_6_5_3_0_ap_fixed_33_13_5_3_0_config3_s_fu_206,qk_mul_8_20_U,,chan_status433.csv
grp_multiheadattention_ap_fixed_16_6_5_3_0_ap_fixed_33_13_5_3_0_config3_s_fu_206,qk_mul_9_20_U,,chan_status434.csv
grp_multiheadattention_ap_fixed_16_6_5_3_0_ap_fixed_33_13_5_3_0_config3_s_fu_206,qk_mul_10_20_U,,chan_status435.csv
grp_multiheadattention_ap_fixed_16_6_5_3_0_ap_fixed_33_13_5_3_0_config3_s_fu_206,qk_mul_11_20_U,,chan_status436.csv
grp_multiheadattention_ap_fixed_16_6_5_3_0_ap_fixed_33_13_5_3_0_config3_s_fu_206,qk_mul_12_20_U,,chan_status437.csv
grp_multiheadattention_ap_fixed_16_6_5_3_0_ap_fixed_33_13_5_3_0_config3_s_fu_206,qk_mul_13_20_U,,chan_status438.csv
grp_multiheadattention_ap_fixed_16_6_5_3_0_ap_fixed_33_13_5_3_0_config3_s_fu_206,qk_mul_14_20_U,,chan_status439.csv
grp_multiheadattention_ap_fixed_16_6_5_3_0_ap_fixed_33_13_5_3_0_config3_s_fu_206,qk_mul_15_20_U,,chan_status440.csv
grp_multiheadattention_ap_fixed_16_6_5_3_0_ap_fixed_33_13_5_3_0_config3_s_fu_206,qk_mul_16_20_U,,chan_status441.csv
grp_multiheadattention_ap_fixed_16_6_5_3_0_ap_fixed_33_13_5_3_0_config3_s_fu_206,qk_mul_17_20_U,,chan_status442.csv
grp_multiheadattention_ap_fixed_16_6_5_3_0_ap_fixed_33_13_5_3_0_config3_s_fu_206,qk_mul_18_20_U,,chan_status443.csv
grp_multiheadattention_ap_fixed_16_6_5_3_0_ap_fixed_33_13_5_3_0_config3_s_fu_206,qk_mul_19_20_U,,chan_status444.csv
grp_multiheadattention_ap_fixed_16_6_5_3_0_ap_fixed_33_13_5_3_0_config3_s_fu_206,qk_mul_0_21_U,,chan_status445.csv
grp_multiheadattention_ap_fixed_16_6_5_3_0_ap_fixed_33_13_5_3_0_config3_s_fu_206,qk_mul_1_21_U,,chan_status446.csv
grp_multiheadattention_ap_fixed_16_6_5_3_0_ap_fixed_33_13_5_3_0_config3_s_fu_206,qk_mul_2_21_U,,chan_status447.csv
grp_multiheadattention_ap_fixed_16_6_5_3_0_ap_fixed_33_13_5_3_0_config3_s_fu_206,qk_mul_3_21_U,,chan_status448.csv
grp_multiheadattention_ap_fixed_16_6_5_3_0_ap_fixed_33_13_5_3_0_config3_s_fu_206,qk_mul_4_21_U,,chan_status449.csv
grp_multiheadattention_ap_fixed_16_6_5_3_0_ap_fixed_33_13_5_3_0_config3_s_fu_206,qk_mul_5_21_U,,chan_status450.csv
grp_multiheadattention_ap_fixed_16_6_5_3_0_ap_fixed_33_13_5_3_0_config3_s_fu_206,qk_mul_6_21_U,,chan_status451.csv
grp_multiheadattention_ap_fixed_16_6_5_3_0_ap_fixed_33_13_5_3_0_config3_s_fu_206,qk_mul_7_21_U,,chan_status452.csv
grp_multiheadattention_ap_fixed_16_6_5_3_0_ap_fixed_33_13_5_3_0_config3_s_fu_206,qk_mul_8_21_U,,chan_status453.csv
grp_multiheadattention_ap_fixed_16_6_5_3_0_ap_fixed_33_13_5_3_0_config3_s_fu_206,qk_mul_9_21_U,,chan_status454.csv
grp_multiheadattention_ap_fixed_16_6_5_3_0_ap_fixed_33_13_5_3_0_config3_s_fu_206,qk_mul_10_21_U,,chan_status455.csv
grp_multiheadattention_ap_fixed_16_6_5_3_0_ap_fixed_33_13_5_3_0_config3_s_fu_206,qk_mul_11_21_U,,chan_status456.csv
grp_multiheadattention_ap_fixed_16_6_5_3_0_ap_fixed_33_13_5_3_0_config3_s_fu_206,qk_mul_12_21_U,,chan_status457.csv
grp_multiheadattention_ap_fixed_16_6_5_3_0_ap_fixed_33_13_5_3_0_config3_s_fu_206,qk_mul_13_21_U,,chan_status458.csv
grp_multiheadattention_ap_fixed_16_6_5_3_0_ap_fixed_33_13_5_3_0_config3_s_fu_206,qk_mul_14_21_U,,chan_status459.csv
grp_multiheadattention_ap_fixed_16_6_5_3_0_ap_fixed_33_13_5_3_0_config3_s_fu_206,qk_mul_15_21_U,,chan_status460.csv
grp_multiheadattention_ap_fixed_16_6_5_3_0_ap_fixed_33_13_5_3_0_config3_s_fu_206,qk_mul_16_21_U,,chan_status461.csv
grp_multiheadattention_ap_fixed_16_6_5_3_0_ap_fixed_33_13_5_3_0_config3_s_fu_206,qk_mul_17_21_U,,chan_status462.csv
grp_multiheadattention_ap_fixed_16_6_5_3_0_ap_fixed_33_13_5_3_0_config3_s_fu_206,qk_mul_18_21_U,,chan_status463.csv
grp_multiheadattention_ap_fixed_16_6_5_3_0_ap_fixed_33_13_5_3_0_config3_s_fu_206,qk_mul_19_21_U,,chan_status464.csv
grp_multiheadattention_ap_fixed_16_6_5_3_0_ap_fixed_33_13_5_3_0_config3_s_fu_206,qk_mul_0_22_U,,chan_status465.csv
grp_multiheadattention_ap_fixed_16_6_5_3_0_ap_fixed_33_13_5_3_0_config3_s_fu_206,qk_mul_1_22_U,,chan_status466.csv
grp_multiheadattention_ap_fixed_16_6_5_3_0_ap_fixed_33_13_5_3_0_config3_s_fu_206,qk_mul_2_22_U,,chan_status467.csv
grp_multiheadattention_ap_fixed_16_6_5_3_0_ap_fixed_33_13_5_3_0_config3_s_fu_206,qk_mul_3_22_U,,chan_status468.csv
grp_multiheadattention_ap_fixed_16_6_5_3_0_ap_fixed_33_13_5_3_0_config3_s_fu_206,qk_mul_4_22_U,,chan_status469.csv
grp_multiheadattention_ap_fixed_16_6_5_3_0_ap_fixed_33_13_5_3_0_config3_s_fu_206,qk_mul_5_22_U,,chan_status470.csv
grp_multiheadattention_ap_fixed_16_6_5_3_0_ap_fixed_33_13_5_3_0_config3_s_fu_206,qk_mul_6_22_U,,chan_status471.csv
grp_multiheadattention_ap_fixed_16_6_5_3_0_ap_fixed_33_13_5_3_0_config3_s_fu_206,qk_mul_7_22_U,,chan_status472.csv
grp_multiheadattention_ap_fixed_16_6_5_3_0_ap_fixed_33_13_5_3_0_config3_s_fu_206,qk_mul_8_22_U,,chan_status473.csv
grp_multiheadattention_ap_fixed_16_6_5_3_0_ap_fixed_33_13_5_3_0_config3_s_fu_206,qk_mul_9_22_U,,chan_status474.csv
grp_multiheadattention_ap_fixed_16_6_5_3_0_ap_fixed_33_13_5_3_0_config3_s_fu_206,qk_mul_10_22_U,,chan_status475.csv
grp_multiheadattention_ap_fixed_16_6_5_3_0_ap_fixed_33_13_5_3_0_config3_s_fu_206,qk_mul_11_22_U,,chan_status476.csv
grp_multiheadattention_ap_fixed_16_6_5_3_0_ap_fixed_33_13_5_3_0_config3_s_fu_206,qk_mul_12_22_U,,chan_status477.csv
grp_multiheadattention_ap_fixed_16_6_5_3_0_ap_fixed_33_13_5_3_0_config3_s_fu_206,qk_mul_13_22_U,,chan_status478.csv
grp_multiheadattention_ap_fixed_16_6_5_3_0_ap_fixed_33_13_5_3_0_config3_s_fu_206,qk_mul_14_22_U,,chan_status479.csv
grp_multiheadattention_ap_fixed_16_6_5_3_0_ap_fixed_33_13_5_3_0_config3_s_fu_206,qk_mul_15_22_U,,chan_status480.csv
grp_multiheadattention_ap_fixed_16_6_5_3_0_ap_fixed_33_13_5_3_0_config3_s_fu_206,qk_mul_16_22_U,,chan_status481.csv
grp_multiheadattention_ap_fixed_16_6_5_3_0_ap_fixed_33_13_5_3_0_config3_s_fu_206,qk_mul_17_22_U,,chan_status482.csv
grp_multiheadattention_ap_fixed_16_6_5_3_0_ap_fixed_33_13_5_3_0_config3_s_fu_206,qk_mul_18_22_U,,chan_status483.csv
grp_multiheadattention_ap_fixed_16_6_5_3_0_ap_fixed_33_13_5_3_0_config3_s_fu_206,qk_mul_19_22_U,,chan_status484.csv
grp_multiheadattention_ap_fixed_16_6_5_3_0_ap_fixed_33_13_5_3_0_config3_s_fu_206,qk_mul_0_23_U,,chan_status485.csv
grp_multiheadattention_ap_fixed_16_6_5_3_0_ap_fixed_33_13_5_3_0_config3_s_fu_206,qk_mul_1_23_U,,chan_status486.csv
grp_multiheadattention_ap_fixed_16_6_5_3_0_ap_fixed_33_13_5_3_0_config3_s_fu_206,qk_mul_2_23_U,,chan_status487.csv
grp_multiheadattention_ap_fixed_16_6_5_3_0_ap_fixed_33_13_5_3_0_config3_s_fu_206,qk_mul_3_23_U,,chan_status488.csv
grp_multiheadattention_ap_fixed_16_6_5_3_0_ap_fixed_33_13_5_3_0_config3_s_fu_206,qk_mul_4_23_U,,chan_status489.csv
grp_multiheadattention_ap_fixed_16_6_5_3_0_ap_fixed_33_13_5_3_0_config3_s_fu_206,qk_mul_5_23_U,,chan_status490.csv
grp_multiheadattention_ap_fixed_16_6_5_3_0_ap_fixed_33_13_5_3_0_config3_s_fu_206,qk_mul_6_23_U,,chan_status491.csv
grp_multiheadattention_ap_fixed_16_6_5_3_0_ap_fixed_33_13_5_3_0_config3_s_fu_206,qk_mul_7_23_U,,chan_status492.csv
grp_multiheadattention_ap_fixed_16_6_5_3_0_ap_fixed_33_13_5_3_0_config3_s_fu_206,qk_mul_8_23_U,,chan_status493.csv
grp_multiheadattention_ap_fixed_16_6_5_3_0_ap_fixed_33_13_5_3_0_config3_s_fu_206,qk_mul_9_23_U,,chan_status494.csv
grp_multiheadattention_ap_fixed_16_6_5_3_0_ap_fixed_33_13_5_3_0_config3_s_fu_206,qk_mul_10_23_U,,chan_status495.csv
grp_multiheadattention_ap_fixed_16_6_5_3_0_ap_fixed_33_13_5_3_0_config3_s_fu_206,qk_mul_11_23_U,,chan_status496.csv
grp_multiheadattention_ap_fixed_16_6_5_3_0_ap_fixed_33_13_5_3_0_config3_s_fu_206,qk_mul_12_23_U,,chan_status497.csv
grp_multiheadattention_ap_fixed_16_6_5_3_0_ap_fixed_33_13_5_3_0_config3_s_fu_206,qk_mul_13_23_U,,chan_status498.csv
grp_multiheadattention_ap_fixed_16_6_5_3_0_ap_fixed_33_13_5_3_0_config3_s_fu_206,qk_mul_14_23_U,,chan_status499.csv
grp_multiheadattention_ap_fixed_16_6_5_3_0_ap_fixed_33_13_5_3_0_config3_s_fu_206,qk_mul_15_23_U,,chan_status500.csv
grp_multiheadattention_ap_fixed_16_6_5_3_0_ap_fixed_33_13_5_3_0_config3_s_fu_206,qk_mul_16_23_U,,chan_status501.csv
grp_multiheadattention_ap_fixed_16_6_5_3_0_ap_fixed_33_13_5_3_0_config3_s_fu_206,qk_mul_17_23_U,,chan_status502.csv
grp_multiheadattention_ap_fixed_16_6_5_3_0_ap_fixed_33_13_5_3_0_config3_s_fu_206,qk_mul_18_23_U,,chan_status503.csv
grp_multiheadattention_ap_fixed_16_6_5_3_0_ap_fixed_33_13_5_3_0_config3_s_fu_206,qk_mul_19_23_U,,chan_status504.csv
grp_multiheadattention_ap_fixed_16_6_5_3_0_ap_fixed_33_13_5_3_0_config3_s_fu_206,qk_mul_0_24_U,,chan_status505.csv
grp_multiheadattention_ap_fixed_16_6_5_3_0_ap_fixed_33_13_5_3_0_config3_s_fu_206,qk_mul_1_24_U,,chan_status506.csv
grp_multiheadattention_ap_fixed_16_6_5_3_0_ap_fixed_33_13_5_3_0_config3_s_fu_206,qk_mul_2_24_U,,chan_status507.csv
grp_multiheadattention_ap_fixed_16_6_5_3_0_ap_fixed_33_13_5_3_0_config3_s_fu_206,qk_mul_3_24_U,,chan_status508.csv
grp_multiheadattention_ap_fixed_16_6_5_3_0_ap_fixed_33_13_5_3_0_config3_s_fu_206,qk_mul_4_24_U,,chan_status509.csv
grp_multiheadattention_ap_fixed_16_6_5_3_0_ap_fixed_33_13_5_3_0_config3_s_fu_206,qk_mul_5_24_U,,chan_status510.csv
grp_multiheadattention_ap_fixed_16_6_5_3_0_ap_fixed_33_13_5_3_0_config3_s_fu_206,qk_mul_6_24_U,,chan_status511.csv
grp_multiheadattention_ap_fixed_16_6_5_3_0_ap_fixed_33_13_5_3_0_config3_s_fu_206,qk_mul_7_24_U,,chan_status512.csv
grp_multiheadattention_ap_fixed_16_6_5_3_0_ap_fixed_33_13_5_3_0_config3_s_fu_206,qk_mul_8_24_U,,chan_status513.csv
grp_multiheadattention_ap_fixed_16_6_5_3_0_ap_fixed_33_13_5_3_0_config3_s_fu_206,qk_mul_9_24_U,,chan_status514.csv
grp_multiheadattention_ap_fixed_16_6_5_3_0_ap_fixed_33_13_5_3_0_config3_s_fu_206,qk_mul_10_24_U,,chan_status515.csv
grp_multiheadattention_ap_fixed_16_6_5_3_0_ap_fixed_33_13_5_3_0_config3_s_fu_206,qk_mul_11_24_U,,chan_status516.csv
grp_multiheadattention_ap_fixed_16_6_5_3_0_ap_fixed_33_13_5_3_0_config3_s_fu_206,qk_mul_12_24_U,,chan_status517.csv
grp_multiheadattention_ap_fixed_16_6_5_3_0_ap_fixed_33_13_5_3_0_config3_s_fu_206,qk_mul_13_24_U,,chan_status518.csv
grp_multiheadattention_ap_fixed_16_6_5_3_0_ap_fixed_33_13_5_3_0_config3_s_fu_206,qk_mul_14_24_U,,chan_status519.csv
grp_multiheadattention_ap_fixed_16_6_5_3_0_ap_fixed_33_13_5_3_0_config3_s_fu_206,qk_mul_15_24_U,,chan_status520.csv
grp_multiheadattention_ap_fixed_16_6_5_3_0_ap_fixed_33_13_5_3_0_config3_s_fu_206,qk_mul_16_24_U,,chan_status521.csv
grp_multiheadattention_ap_fixed_16_6_5_3_0_ap_fixed_33_13_5_3_0_config3_s_fu_206,qk_mul_17_24_U,,chan_status522.csv
grp_multiheadattention_ap_fixed_16_6_5_3_0_ap_fixed_33_13_5_3_0_config3_s_fu_206,qk_mul_18_24_U,,chan_status523.csv
grp_multiheadattention_ap_fixed_16_6_5_3_0_ap_fixed_33_13_5_3_0_config3_s_fu_206,qk_mul_19_24_U,,chan_status524.csv
grp_multiheadattention_ap_fixed_16_6_5_3_0_ap_fixed_33_13_5_3_0_config3_s_fu_206,qk_mul_0_25_U,,chan_status525.csv
grp_multiheadattention_ap_fixed_16_6_5_3_0_ap_fixed_33_13_5_3_0_config3_s_fu_206,qk_mul_1_25_U,,chan_status526.csv
grp_multiheadattention_ap_fixed_16_6_5_3_0_ap_fixed_33_13_5_3_0_config3_s_fu_206,qk_mul_2_25_U,,chan_status527.csv
grp_multiheadattention_ap_fixed_16_6_5_3_0_ap_fixed_33_13_5_3_0_config3_s_fu_206,qk_mul_3_25_U,,chan_status528.csv
grp_multiheadattention_ap_fixed_16_6_5_3_0_ap_fixed_33_13_5_3_0_config3_s_fu_206,qk_mul_4_25_U,,chan_status529.csv
grp_multiheadattention_ap_fixed_16_6_5_3_0_ap_fixed_33_13_5_3_0_config3_s_fu_206,qk_mul_5_25_U,,chan_status530.csv
grp_multiheadattention_ap_fixed_16_6_5_3_0_ap_fixed_33_13_5_3_0_config3_s_fu_206,qk_mul_6_25_U,,chan_status531.csv
grp_multiheadattention_ap_fixed_16_6_5_3_0_ap_fixed_33_13_5_3_0_config3_s_fu_206,qk_mul_7_25_U,,chan_status532.csv
grp_multiheadattention_ap_fixed_16_6_5_3_0_ap_fixed_33_13_5_3_0_config3_s_fu_206,qk_mul_8_25_U,,chan_status533.csv
grp_multiheadattention_ap_fixed_16_6_5_3_0_ap_fixed_33_13_5_3_0_config3_s_fu_206,qk_mul_9_25_U,,chan_status534.csv
grp_multiheadattention_ap_fixed_16_6_5_3_0_ap_fixed_33_13_5_3_0_config3_s_fu_206,qk_mul_10_25_U,,chan_status535.csv
grp_multiheadattention_ap_fixed_16_6_5_3_0_ap_fixed_33_13_5_3_0_config3_s_fu_206,qk_mul_11_25_U,,chan_status536.csv
grp_multiheadattention_ap_fixed_16_6_5_3_0_ap_fixed_33_13_5_3_0_config3_s_fu_206,qk_mul_12_25_U,,chan_status537.csv
grp_multiheadattention_ap_fixed_16_6_5_3_0_ap_fixed_33_13_5_3_0_config3_s_fu_206,qk_mul_13_25_U,,chan_status538.csv
grp_multiheadattention_ap_fixed_16_6_5_3_0_ap_fixed_33_13_5_3_0_config3_s_fu_206,qk_mul_14_25_U,,chan_status539.csv
grp_multiheadattention_ap_fixed_16_6_5_3_0_ap_fixed_33_13_5_3_0_config3_s_fu_206,qk_mul_15_25_U,,chan_status540.csv
grp_multiheadattention_ap_fixed_16_6_5_3_0_ap_fixed_33_13_5_3_0_config3_s_fu_206,qk_mul_16_25_U,,chan_status541.csv
grp_multiheadattention_ap_fixed_16_6_5_3_0_ap_fixed_33_13_5_3_0_config3_s_fu_206,qk_mul_17_25_U,,chan_status542.csv
grp_multiheadattention_ap_fixed_16_6_5_3_0_ap_fixed_33_13_5_3_0_config3_s_fu_206,qk_mul_18_25_U,,chan_status543.csv
grp_multiheadattention_ap_fixed_16_6_5_3_0_ap_fixed_33_13_5_3_0_config3_s_fu_206,qk_mul_19_25_U,,chan_status544.csv
grp_multiheadattention_ap_fixed_16_6_5_3_0_ap_fixed_33_13_5_3_0_config3_s_fu_206,qk_mul_0_26_U,,chan_status545.csv
grp_multiheadattention_ap_fixed_16_6_5_3_0_ap_fixed_33_13_5_3_0_config3_s_fu_206,qk_mul_1_26_U,,chan_status546.csv
grp_multiheadattention_ap_fixed_16_6_5_3_0_ap_fixed_33_13_5_3_0_config3_s_fu_206,qk_mul_2_26_U,,chan_status547.csv
grp_multiheadattention_ap_fixed_16_6_5_3_0_ap_fixed_33_13_5_3_0_config3_s_fu_206,qk_mul_3_26_U,,chan_status548.csv
grp_multiheadattention_ap_fixed_16_6_5_3_0_ap_fixed_33_13_5_3_0_config3_s_fu_206,qk_mul_4_26_U,,chan_status549.csv
grp_multiheadattention_ap_fixed_16_6_5_3_0_ap_fixed_33_13_5_3_0_config3_s_fu_206,qk_mul_5_26_U,,chan_status550.csv
grp_multiheadattention_ap_fixed_16_6_5_3_0_ap_fixed_33_13_5_3_0_config3_s_fu_206,qk_mul_6_26_U,,chan_status551.csv
grp_multiheadattention_ap_fixed_16_6_5_3_0_ap_fixed_33_13_5_3_0_config3_s_fu_206,qk_mul_7_26_U,,chan_status552.csv
grp_multiheadattention_ap_fixed_16_6_5_3_0_ap_fixed_33_13_5_3_0_config3_s_fu_206,qk_mul_8_26_U,,chan_status553.csv
grp_multiheadattention_ap_fixed_16_6_5_3_0_ap_fixed_33_13_5_3_0_config3_s_fu_206,qk_mul_9_26_U,,chan_status554.csv
grp_multiheadattention_ap_fixed_16_6_5_3_0_ap_fixed_33_13_5_3_0_config3_s_fu_206,qk_mul_10_26_U,,chan_status555.csv
grp_multiheadattention_ap_fixed_16_6_5_3_0_ap_fixed_33_13_5_3_0_config3_s_fu_206,qk_mul_11_26_U,,chan_status556.csv
grp_multiheadattention_ap_fixed_16_6_5_3_0_ap_fixed_33_13_5_3_0_config3_s_fu_206,qk_mul_12_26_U,,chan_status557.csv
grp_multiheadattention_ap_fixed_16_6_5_3_0_ap_fixed_33_13_5_3_0_config3_s_fu_206,qk_mul_13_26_U,,chan_status558.csv
grp_multiheadattention_ap_fixed_16_6_5_3_0_ap_fixed_33_13_5_3_0_config3_s_fu_206,qk_mul_14_26_U,,chan_status559.csv
grp_multiheadattention_ap_fixed_16_6_5_3_0_ap_fixed_33_13_5_3_0_config3_s_fu_206,qk_mul_15_26_U,,chan_status560.csv
grp_multiheadattention_ap_fixed_16_6_5_3_0_ap_fixed_33_13_5_3_0_config3_s_fu_206,qk_mul_16_26_U,,chan_status561.csv
grp_multiheadattention_ap_fixed_16_6_5_3_0_ap_fixed_33_13_5_3_0_config3_s_fu_206,qk_mul_17_26_U,,chan_status562.csv
grp_multiheadattention_ap_fixed_16_6_5_3_0_ap_fixed_33_13_5_3_0_config3_s_fu_206,qk_mul_18_26_U,,chan_status563.csv
grp_multiheadattention_ap_fixed_16_6_5_3_0_ap_fixed_33_13_5_3_0_config3_s_fu_206,qk_mul_19_26_U,,chan_status564.csv
grp_multiheadattention_ap_fixed_16_6_5_3_0_ap_fixed_33_13_5_3_0_config3_s_fu_206,qk_mul_0_27_U,,chan_status565.csv
grp_multiheadattention_ap_fixed_16_6_5_3_0_ap_fixed_33_13_5_3_0_config3_s_fu_206,qk_mul_1_27_U,,chan_status566.csv
grp_multiheadattention_ap_fixed_16_6_5_3_0_ap_fixed_33_13_5_3_0_config3_s_fu_206,qk_mul_2_27_U,,chan_status567.csv
grp_multiheadattention_ap_fixed_16_6_5_3_0_ap_fixed_33_13_5_3_0_config3_s_fu_206,qk_mul_3_27_U,,chan_status568.csv
grp_multiheadattention_ap_fixed_16_6_5_3_0_ap_fixed_33_13_5_3_0_config3_s_fu_206,qk_mul_4_27_U,,chan_status569.csv
grp_multiheadattention_ap_fixed_16_6_5_3_0_ap_fixed_33_13_5_3_0_config3_s_fu_206,qk_mul_5_27_U,,chan_status570.csv
grp_multiheadattention_ap_fixed_16_6_5_3_0_ap_fixed_33_13_5_3_0_config3_s_fu_206,qk_mul_6_27_U,,chan_status571.csv
grp_multiheadattention_ap_fixed_16_6_5_3_0_ap_fixed_33_13_5_3_0_config3_s_fu_206,qk_mul_7_27_U,,chan_status572.csv
grp_multiheadattention_ap_fixed_16_6_5_3_0_ap_fixed_33_13_5_3_0_config3_s_fu_206,qk_mul_8_27_U,,chan_status573.csv
grp_multiheadattention_ap_fixed_16_6_5_3_0_ap_fixed_33_13_5_3_0_config3_s_fu_206,qk_mul_9_27_U,,chan_status574.csv
grp_multiheadattention_ap_fixed_16_6_5_3_0_ap_fixed_33_13_5_3_0_config3_s_fu_206,qk_mul_10_27_U,,chan_status575.csv
grp_multiheadattention_ap_fixed_16_6_5_3_0_ap_fixed_33_13_5_3_0_config3_s_fu_206,qk_mul_11_27_U,,chan_status576.csv
grp_multiheadattention_ap_fixed_16_6_5_3_0_ap_fixed_33_13_5_3_0_config3_s_fu_206,qk_mul_12_27_U,,chan_status577.csv
grp_multiheadattention_ap_fixed_16_6_5_3_0_ap_fixed_33_13_5_3_0_config3_s_fu_206,qk_mul_13_27_U,,chan_status578.csv
grp_multiheadattention_ap_fixed_16_6_5_3_0_ap_fixed_33_13_5_3_0_config3_s_fu_206,qk_mul_14_27_U,,chan_status579.csv
grp_multiheadattention_ap_fixed_16_6_5_3_0_ap_fixed_33_13_5_3_0_config3_s_fu_206,qk_mul_15_27_U,,chan_status580.csv
grp_multiheadattention_ap_fixed_16_6_5_3_0_ap_fixed_33_13_5_3_0_config3_s_fu_206,qk_mul_16_27_U,,chan_status581.csv
grp_multiheadattention_ap_fixed_16_6_5_3_0_ap_fixed_33_13_5_3_0_config3_s_fu_206,qk_mul_17_27_U,,chan_status582.csv
grp_multiheadattention_ap_fixed_16_6_5_3_0_ap_fixed_33_13_5_3_0_config3_s_fu_206,qk_mul_18_27_U,,chan_status583.csv
grp_multiheadattention_ap_fixed_16_6_5_3_0_ap_fixed_33_13_5_3_0_config3_s_fu_206,qk_mul_19_27_U,,chan_status584.csv
grp_multiheadattention_ap_fixed_16_6_5_3_0_ap_fixed_33_13_5_3_0_config3_s_fu_206,qk_mul_0_28_U,,chan_status585.csv
grp_multiheadattention_ap_fixed_16_6_5_3_0_ap_fixed_33_13_5_3_0_config3_s_fu_206,qk_mul_1_28_U,,chan_status586.csv
grp_multiheadattention_ap_fixed_16_6_5_3_0_ap_fixed_33_13_5_3_0_config3_s_fu_206,qk_mul_2_28_U,,chan_status587.csv
grp_multiheadattention_ap_fixed_16_6_5_3_0_ap_fixed_33_13_5_3_0_config3_s_fu_206,qk_mul_3_28_U,,chan_status588.csv
grp_multiheadattention_ap_fixed_16_6_5_3_0_ap_fixed_33_13_5_3_0_config3_s_fu_206,qk_mul_4_28_U,,chan_status589.csv
grp_multiheadattention_ap_fixed_16_6_5_3_0_ap_fixed_33_13_5_3_0_config3_s_fu_206,qk_mul_5_28_U,,chan_status590.csv
grp_multiheadattention_ap_fixed_16_6_5_3_0_ap_fixed_33_13_5_3_0_config3_s_fu_206,qk_mul_6_28_U,,chan_status591.csv
grp_multiheadattention_ap_fixed_16_6_5_3_0_ap_fixed_33_13_5_3_0_config3_s_fu_206,qk_mul_7_28_U,,chan_status592.csv
grp_multiheadattention_ap_fixed_16_6_5_3_0_ap_fixed_33_13_5_3_0_config3_s_fu_206,qk_mul_8_28_U,,chan_status593.csv
grp_multiheadattention_ap_fixed_16_6_5_3_0_ap_fixed_33_13_5_3_0_config3_s_fu_206,qk_mul_9_28_U,,chan_status594.csv
grp_multiheadattention_ap_fixed_16_6_5_3_0_ap_fixed_33_13_5_3_0_config3_s_fu_206,qk_mul_10_28_U,,chan_status595.csv
grp_multiheadattention_ap_fixed_16_6_5_3_0_ap_fixed_33_13_5_3_0_config3_s_fu_206,qk_mul_11_28_U,,chan_status596.csv
grp_multiheadattention_ap_fixed_16_6_5_3_0_ap_fixed_33_13_5_3_0_config3_s_fu_206,qk_mul_12_28_U,,chan_status597.csv
grp_multiheadattention_ap_fixed_16_6_5_3_0_ap_fixed_33_13_5_3_0_config3_s_fu_206,qk_mul_13_28_U,,chan_status598.csv
grp_multiheadattention_ap_fixed_16_6_5_3_0_ap_fixed_33_13_5_3_0_config3_s_fu_206,qk_mul_14_28_U,,chan_status599.csv
grp_multiheadattention_ap_fixed_16_6_5_3_0_ap_fixed_33_13_5_3_0_config3_s_fu_206,qk_mul_15_28_U,,chan_status600.csv
grp_multiheadattention_ap_fixed_16_6_5_3_0_ap_fixed_33_13_5_3_0_config3_s_fu_206,qk_mul_16_28_U,,chan_status601.csv
grp_multiheadattention_ap_fixed_16_6_5_3_0_ap_fixed_33_13_5_3_0_config3_s_fu_206,qk_mul_17_28_U,,chan_status602.csv
grp_multiheadattention_ap_fixed_16_6_5_3_0_ap_fixed_33_13_5_3_0_config3_s_fu_206,qk_mul_18_28_U,,chan_status603.csv
grp_multiheadattention_ap_fixed_16_6_5_3_0_ap_fixed_33_13_5_3_0_config3_s_fu_206,qk_mul_19_28_U,,chan_status604.csv
grp_multiheadattention_ap_fixed_16_6_5_3_0_ap_fixed_33_13_5_3_0_config3_s_fu_206,qk_mul_0_29_U,,chan_status605.csv
grp_multiheadattention_ap_fixed_16_6_5_3_0_ap_fixed_33_13_5_3_0_config3_s_fu_206,qk_mul_1_29_U,,chan_status606.csv
grp_multiheadattention_ap_fixed_16_6_5_3_0_ap_fixed_33_13_5_3_0_config3_s_fu_206,qk_mul_2_29_U,,chan_status607.csv
grp_multiheadattention_ap_fixed_16_6_5_3_0_ap_fixed_33_13_5_3_0_config3_s_fu_206,qk_mul_3_29_U,,chan_status608.csv
grp_multiheadattention_ap_fixed_16_6_5_3_0_ap_fixed_33_13_5_3_0_config3_s_fu_206,qk_mul_4_29_U,,chan_status609.csv
grp_multiheadattention_ap_fixed_16_6_5_3_0_ap_fixed_33_13_5_3_0_config3_s_fu_206,qk_mul_5_29_U,,chan_status610.csv
grp_multiheadattention_ap_fixed_16_6_5_3_0_ap_fixed_33_13_5_3_0_config3_s_fu_206,qk_mul_6_29_U,,chan_status611.csv
grp_multiheadattention_ap_fixed_16_6_5_3_0_ap_fixed_33_13_5_3_0_config3_s_fu_206,qk_mul_7_29_U,,chan_status612.csv
grp_multiheadattention_ap_fixed_16_6_5_3_0_ap_fixed_33_13_5_3_0_config3_s_fu_206,qk_mul_8_29_U,,chan_status613.csv
grp_multiheadattention_ap_fixed_16_6_5_3_0_ap_fixed_33_13_5_3_0_config3_s_fu_206,qk_mul_9_29_U,,chan_status614.csv
grp_multiheadattention_ap_fixed_16_6_5_3_0_ap_fixed_33_13_5_3_0_config3_s_fu_206,qk_mul_10_29_U,,chan_status615.csv
grp_multiheadattention_ap_fixed_16_6_5_3_0_ap_fixed_33_13_5_3_0_config3_s_fu_206,qk_mul_11_29_U,,chan_status616.csv
grp_multiheadattention_ap_fixed_16_6_5_3_0_ap_fixed_33_13_5_3_0_config3_s_fu_206,qk_mul_12_29_U,,chan_status617.csv
grp_multiheadattention_ap_fixed_16_6_5_3_0_ap_fixed_33_13_5_3_0_config3_s_fu_206,qk_mul_13_29_U,,chan_status618.csv
grp_multiheadattention_ap_fixed_16_6_5_3_0_ap_fixed_33_13_5_3_0_config3_s_fu_206,qk_mul_14_29_U,,chan_status619.csv
grp_multiheadattention_ap_fixed_16_6_5_3_0_ap_fixed_33_13_5_3_0_config3_s_fu_206,qk_mul_15_29_U,,chan_status620.csv
grp_multiheadattention_ap_fixed_16_6_5_3_0_ap_fixed_33_13_5_3_0_config3_s_fu_206,qk_mul_16_29_U,,chan_status621.csv
grp_multiheadattention_ap_fixed_16_6_5_3_0_ap_fixed_33_13_5_3_0_config3_s_fu_206,qk_mul_17_29_U,,chan_status622.csv
grp_multiheadattention_ap_fixed_16_6_5_3_0_ap_fixed_33_13_5_3_0_config3_s_fu_206,qk_mul_18_29_U,,chan_status623.csv
grp_multiheadattention_ap_fixed_16_6_5_3_0_ap_fixed_33_13_5_3_0_config3_s_fu_206,qk_mul_19_29_U,,chan_status624.csv
grp_multiheadattention_ap_fixed_16_6_5_3_0_ap_fixed_33_13_5_3_0_config3_s_fu_206,qk_mul_0_30_U,,chan_status625.csv
grp_multiheadattention_ap_fixed_16_6_5_3_0_ap_fixed_33_13_5_3_0_config3_s_fu_206,qk_mul_1_30_U,,chan_status626.csv
grp_multiheadattention_ap_fixed_16_6_5_3_0_ap_fixed_33_13_5_3_0_config3_s_fu_206,qk_mul_2_30_U,,chan_status627.csv
grp_multiheadattention_ap_fixed_16_6_5_3_0_ap_fixed_33_13_5_3_0_config3_s_fu_206,qk_mul_3_30_U,,chan_status628.csv
grp_multiheadattention_ap_fixed_16_6_5_3_0_ap_fixed_33_13_5_3_0_config3_s_fu_206,qk_mul_4_30_U,,chan_status629.csv
grp_multiheadattention_ap_fixed_16_6_5_3_0_ap_fixed_33_13_5_3_0_config3_s_fu_206,qk_mul_5_30_U,,chan_status630.csv
grp_multiheadattention_ap_fixed_16_6_5_3_0_ap_fixed_33_13_5_3_0_config3_s_fu_206,qk_mul_6_30_U,,chan_status631.csv
grp_multiheadattention_ap_fixed_16_6_5_3_0_ap_fixed_33_13_5_3_0_config3_s_fu_206,qk_mul_7_30_U,,chan_status632.csv
grp_multiheadattention_ap_fixed_16_6_5_3_0_ap_fixed_33_13_5_3_0_config3_s_fu_206,qk_mul_8_30_U,,chan_status633.csv
grp_multiheadattention_ap_fixed_16_6_5_3_0_ap_fixed_33_13_5_3_0_config3_s_fu_206,qk_mul_9_30_U,,chan_status634.csv
grp_multiheadattention_ap_fixed_16_6_5_3_0_ap_fixed_33_13_5_3_0_config3_s_fu_206,qk_mul_10_30_U,,chan_status635.csv
grp_multiheadattention_ap_fixed_16_6_5_3_0_ap_fixed_33_13_5_3_0_config3_s_fu_206,qk_mul_11_30_U,,chan_status636.csv
grp_multiheadattention_ap_fixed_16_6_5_3_0_ap_fixed_33_13_5_3_0_config3_s_fu_206,qk_mul_12_30_U,,chan_status637.csv
grp_multiheadattention_ap_fixed_16_6_5_3_0_ap_fixed_33_13_5_3_0_config3_s_fu_206,qk_mul_13_30_U,,chan_status638.csv
grp_multiheadattention_ap_fixed_16_6_5_3_0_ap_fixed_33_13_5_3_0_config3_s_fu_206,qk_mul_14_30_U,,chan_status639.csv
grp_multiheadattention_ap_fixed_16_6_5_3_0_ap_fixed_33_13_5_3_0_config3_s_fu_206,qk_mul_15_30_U,,chan_status640.csv
grp_multiheadattention_ap_fixed_16_6_5_3_0_ap_fixed_33_13_5_3_0_config3_s_fu_206,qk_mul_16_30_U,,chan_status641.csv
grp_multiheadattention_ap_fixed_16_6_5_3_0_ap_fixed_33_13_5_3_0_config3_s_fu_206,qk_mul_17_30_U,,chan_status642.csv
grp_multiheadattention_ap_fixed_16_6_5_3_0_ap_fixed_33_13_5_3_0_config3_s_fu_206,qk_mul_18_30_U,,chan_status643.csv
grp_multiheadattention_ap_fixed_16_6_5_3_0_ap_fixed_33_13_5_3_0_config3_s_fu_206,qk_mul_19_30_U,,chan_status644.csv
grp_multiheadattention_ap_fixed_16_6_5_3_0_ap_fixed_33_13_5_3_0_config3_s_fu_206,qk_mul_0_31_U,,chan_status645.csv
grp_multiheadattention_ap_fixed_16_6_5_3_0_ap_fixed_33_13_5_3_0_config3_s_fu_206,qk_mul_1_31_U,,chan_status646.csv
grp_multiheadattention_ap_fixed_16_6_5_3_0_ap_fixed_33_13_5_3_0_config3_s_fu_206,qk_mul_2_31_U,,chan_status647.csv
grp_multiheadattention_ap_fixed_16_6_5_3_0_ap_fixed_33_13_5_3_0_config3_s_fu_206,qk_mul_3_31_U,,chan_status648.csv
grp_multiheadattention_ap_fixed_16_6_5_3_0_ap_fixed_33_13_5_3_0_config3_s_fu_206,qk_mul_4_31_U,,chan_status649.csv
grp_multiheadattention_ap_fixed_16_6_5_3_0_ap_fixed_33_13_5_3_0_config3_s_fu_206,qk_mul_5_31_U,,chan_status650.csv
grp_multiheadattention_ap_fixed_16_6_5_3_0_ap_fixed_33_13_5_3_0_config3_s_fu_206,qk_mul_6_31_U,,chan_status651.csv
grp_multiheadattention_ap_fixed_16_6_5_3_0_ap_fixed_33_13_5_3_0_config3_s_fu_206,qk_mul_7_31_U,,chan_status652.csv
grp_multiheadattention_ap_fixed_16_6_5_3_0_ap_fixed_33_13_5_3_0_config3_s_fu_206,qk_mul_8_31_U,,chan_status653.csv
grp_multiheadattention_ap_fixed_16_6_5_3_0_ap_fixed_33_13_5_3_0_config3_s_fu_206,qk_mul_9_31_U,,chan_status654.csv
grp_multiheadattention_ap_fixed_16_6_5_3_0_ap_fixed_33_13_5_3_0_config3_s_fu_206,qk_mul_10_31_U,,chan_status655.csv
grp_multiheadattention_ap_fixed_16_6_5_3_0_ap_fixed_33_13_5_3_0_config3_s_fu_206,qk_mul_11_31_U,,chan_status656.csv
grp_multiheadattention_ap_fixed_16_6_5_3_0_ap_fixed_33_13_5_3_0_config3_s_fu_206,qk_mul_12_31_U,,chan_status657.csv
grp_multiheadattention_ap_fixed_16_6_5_3_0_ap_fixed_33_13_5_3_0_config3_s_fu_206,qk_mul_13_31_U,,chan_status658.csv
grp_multiheadattention_ap_fixed_16_6_5_3_0_ap_fixed_33_13_5_3_0_config3_s_fu_206,qk_mul_14_31_U,,chan_status659.csv
grp_multiheadattention_ap_fixed_16_6_5_3_0_ap_fixed_33_13_5_3_0_config3_s_fu_206,qk_mul_15_31_U,,chan_status660.csv
grp_multiheadattention_ap_fixed_16_6_5_3_0_ap_fixed_33_13_5_3_0_config3_s_fu_206,qk_mul_16_31_U,,chan_status661.csv
grp_multiheadattention_ap_fixed_16_6_5_3_0_ap_fixed_33_13_5_3_0_config3_s_fu_206,qk_mul_17_31_U,,chan_status662.csv
grp_multiheadattention_ap_fixed_16_6_5_3_0_ap_fixed_33_13_5_3_0_config3_s_fu_206,qk_mul_18_31_U,,chan_status663.csv
grp_multiheadattention_ap_fixed_16_6_5_3_0_ap_fixed_33_13_5_3_0_config3_s_fu_206,qk_mul_19_31_U,,chan_status664.csv
grp_multiheadattention_ap_fixed_16_6_5_3_0_ap_fixed_33_13_5_3_0_config3_s_fu_206,qk_mul_0_32_U,,chan_status665.csv
grp_multiheadattention_ap_fixed_16_6_5_3_0_ap_fixed_33_13_5_3_0_config3_s_fu_206,qk_mul_1_32_U,,chan_status666.csv
grp_multiheadattention_ap_fixed_16_6_5_3_0_ap_fixed_33_13_5_3_0_config3_s_fu_206,qk_mul_2_32_U,,chan_status667.csv
grp_multiheadattention_ap_fixed_16_6_5_3_0_ap_fixed_33_13_5_3_0_config3_s_fu_206,qk_mul_3_32_U,,chan_status668.csv
grp_multiheadattention_ap_fixed_16_6_5_3_0_ap_fixed_33_13_5_3_0_config3_s_fu_206,qk_mul_4_32_U,,chan_status669.csv
grp_multiheadattention_ap_fixed_16_6_5_3_0_ap_fixed_33_13_5_3_0_config3_s_fu_206,qk_mul_5_32_U,,chan_status670.csv
grp_multiheadattention_ap_fixed_16_6_5_3_0_ap_fixed_33_13_5_3_0_config3_s_fu_206,qk_mul_6_32_U,,chan_status671.csv
grp_multiheadattention_ap_fixed_16_6_5_3_0_ap_fixed_33_13_5_3_0_config3_s_fu_206,qk_mul_7_32_U,,chan_status672.csv
grp_multiheadattention_ap_fixed_16_6_5_3_0_ap_fixed_33_13_5_3_0_config3_s_fu_206,qk_mul_8_32_U,,chan_status673.csv
grp_multiheadattention_ap_fixed_16_6_5_3_0_ap_fixed_33_13_5_3_0_config3_s_fu_206,qk_mul_9_32_U,,chan_status674.csv
grp_multiheadattention_ap_fixed_16_6_5_3_0_ap_fixed_33_13_5_3_0_config3_s_fu_206,qk_mul_10_32_U,,chan_status675.csv
grp_multiheadattention_ap_fixed_16_6_5_3_0_ap_fixed_33_13_5_3_0_config3_s_fu_206,qk_mul_11_32_U,,chan_status676.csv
grp_multiheadattention_ap_fixed_16_6_5_3_0_ap_fixed_33_13_5_3_0_config3_s_fu_206,qk_mul_12_32_U,,chan_status677.csv
grp_multiheadattention_ap_fixed_16_6_5_3_0_ap_fixed_33_13_5_3_0_config3_s_fu_206,qk_mul_13_32_U,,chan_status678.csv
grp_multiheadattention_ap_fixed_16_6_5_3_0_ap_fixed_33_13_5_3_0_config3_s_fu_206,qk_mul_14_32_U,,chan_status679.csv
grp_multiheadattention_ap_fixed_16_6_5_3_0_ap_fixed_33_13_5_3_0_config3_s_fu_206,qk_mul_15_32_U,,chan_status680.csv
grp_multiheadattention_ap_fixed_16_6_5_3_0_ap_fixed_33_13_5_3_0_config3_s_fu_206,qk_mul_16_32_U,,chan_status681.csv
grp_multiheadattention_ap_fixed_16_6_5_3_0_ap_fixed_33_13_5_3_0_config3_s_fu_206,qk_mul_17_32_U,,chan_status682.csv
grp_multiheadattention_ap_fixed_16_6_5_3_0_ap_fixed_33_13_5_3_0_config3_s_fu_206,qk_mul_18_32_U,,chan_status683.csv
grp_multiheadattention_ap_fixed_16_6_5_3_0_ap_fixed_33_13_5_3_0_config3_s_fu_206,qk_mul_19_32_U,,chan_status684.csv
grp_multiheadattention_ap_fixed_16_6_5_3_0_ap_fixed_33_13_5_3_0_config3_s_fu_206,qk_mul_0_33_U,,chan_status685.csv
grp_multiheadattention_ap_fixed_16_6_5_3_0_ap_fixed_33_13_5_3_0_config3_s_fu_206,qk_mul_1_33_U,,chan_status686.csv
grp_multiheadattention_ap_fixed_16_6_5_3_0_ap_fixed_33_13_5_3_0_config3_s_fu_206,qk_mul_2_33_U,,chan_status687.csv
grp_multiheadattention_ap_fixed_16_6_5_3_0_ap_fixed_33_13_5_3_0_config3_s_fu_206,qk_mul_3_33_U,,chan_status688.csv
grp_multiheadattention_ap_fixed_16_6_5_3_0_ap_fixed_33_13_5_3_0_config3_s_fu_206,qk_mul_4_33_U,,chan_status689.csv
grp_multiheadattention_ap_fixed_16_6_5_3_0_ap_fixed_33_13_5_3_0_config3_s_fu_206,qk_mul_5_33_U,,chan_status690.csv
grp_multiheadattention_ap_fixed_16_6_5_3_0_ap_fixed_33_13_5_3_0_config3_s_fu_206,qk_mul_6_33_U,,chan_status691.csv
grp_multiheadattention_ap_fixed_16_6_5_3_0_ap_fixed_33_13_5_3_0_config3_s_fu_206,qk_mul_7_33_U,,chan_status692.csv
grp_multiheadattention_ap_fixed_16_6_5_3_0_ap_fixed_33_13_5_3_0_config3_s_fu_206,qk_mul_8_33_U,,chan_status693.csv
grp_multiheadattention_ap_fixed_16_6_5_3_0_ap_fixed_33_13_5_3_0_config3_s_fu_206,qk_mul_9_33_U,,chan_status694.csv
grp_multiheadattention_ap_fixed_16_6_5_3_0_ap_fixed_33_13_5_3_0_config3_s_fu_206,qk_mul_10_33_U,,chan_status695.csv
grp_multiheadattention_ap_fixed_16_6_5_3_0_ap_fixed_33_13_5_3_0_config3_s_fu_206,qk_mul_11_33_U,,chan_status696.csv
grp_multiheadattention_ap_fixed_16_6_5_3_0_ap_fixed_33_13_5_3_0_config3_s_fu_206,qk_mul_12_33_U,,chan_status697.csv
grp_multiheadattention_ap_fixed_16_6_5_3_0_ap_fixed_33_13_5_3_0_config3_s_fu_206,qk_mul_13_33_U,,chan_status698.csv
grp_multiheadattention_ap_fixed_16_6_5_3_0_ap_fixed_33_13_5_3_0_config3_s_fu_206,qk_mul_14_33_U,,chan_status699.csv
grp_multiheadattention_ap_fixed_16_6_5_3_0_ap_fixed_33_13_5_3_0_config3_s_fu_206,qk_mul_15_33_U,,chan_status700.csv
grp_multiheadattention_ap_fixed_16_6_5_3_0_ap_fixed_33_13_5_3_0_config3_s_fu_206,qk_mul_16_33_U,,chan_status701.csv
grp_multiheadattention_ap_fixed_16_6_5_3_0_ap_fixed_33_13_5_3_0_config3_s_fu_206,qk_mul_17_33_U,,chan_status702.csv
grp_multiheadattention_ap_fixed_16_6_5_3_0_ap_fixed_33_13_5_3_0_config3_s_fu_206,qk_mul_18_33_U,,chan_status703.csv
grp_multiheadattention_ap_fixed_16_6_5_3_0_ap_fixed_33_13_5_3_0_config3_s_fu_206,qk_mul_19_33_U,,chan_status704.csv
grp_multiheadattention_ap_fixed_16_6_5_3_0_ap_fixed_33_13_5_3_0_config3_s_fu_206,qk_mul_0_34_U,,chan_status705.csv
grp_multiheadattention_ap_fixed_16_6_5_3_0_ap_fixed_33_13_5_3_0_config3_s_fu_206,qk_mul_1_34_U,,chan_status706.csv
grp_multiheadattention_ap_fixed_16_6_5_3_0_ap_fixed_33_13_5_3_0_config3_s_fu_206,qk_mul_2_34_U,,chan_status707.csv
grp_multiheadattention_ap_fixed_16_6_5_3_0_ap_fixed_33_13_5_3_0_config3_s_fu_206,qk_mul_3_34_U,,chan_status708.csv
grp_multiheadattention_ap_fixed_16_6_5_3_0_ap_fixed_33_13_5_3_0_config3_s_fu_206,qk_mul_4_34_U,,chan_status709.csv
grp_multiheadattention_ap_fixed_16_6_5_3_0_ap_fixed_33_13_5_3_0_config3_s_fu_206,qk_mul_5_34_U,,chan_status710.csv
grp_multiheadattention_ap_fixed_16_6_5_3_0_ap_fixed_33_13_5_3_0_config3_s_fu_206,qk_mul_6_34_U,,chan_status711.csv
grp_multiheadattention_ap_fixed_16_6_5_3_0_ap_fixed_33_13_5_3_0_config3_s_fu_206,qk_mul_7_34_U,,chan_status712.csv
grp_multiheadattention_ap_fixed_16_6_5_3_0_ap_fixed_33_13_5_3_0_config3_s_fu_206,qk_mul_8_34_U,,chan_status713.csv
grp_multiheadattention_ap_fixed_16_6_5_3_0_ap_fixed_33_13_5_3_0_config3_s_fu_206,qk_mul_9_34_U,,chan_status714.csv
grp_multiheadattention_ap_fixed_16_6_5_3_0_ap_fixed_33_13_5_3_0_config3_s_fu_206,qk_mul_10_34_U,,chan_status715.csv
grp_multiheadattention_ap_fixed_16_6_5_3_0_ap_fixed_33_13_5_3_0_config3_s_fu_206,qk_mul_11_34_U,,chan_status716.csv
grp_multiheadattention_ap_fixed_16_6_5_3_0_ap_fixed_33_13_5_3_0_config3_s_fu_206,qk_mul_12_34_U,,chan_status717.csv
grp_multiheadattention_ap_fixed_16_6_5_3_0_ap_fixed_33_13_5_3_0_config3_s_fu_206,qk_mul_13_34_U,,chan_status718.csv
grp_multiheadattention_ap_fixed_16_6_5_3_0_ap_fixed_33_13_5_3_0_config3_s_fu_206,qk_mul_14_34_U,,chan_status719.csv
grp_multiheadattention_ap_fixed_16_6_5_3_0_ap_fixed_33_13_5_3_0_config3_s_fu_206,qk_mul_15_34_U,,chan_status720.csv
grp_multiheadattention_ap_fixed_16_6_5_3_0_ap_fixed_33_13_5_3_0_config3_s_fu_206,qk_mul_16_34_U,,chan_status721.csv
grp_multiheadattention_ap_fixed_16_6_5_3_0_ap_fixed_33_13_5_3_0_config3_s_fu_206,qk_mul_17_34_U,,chan_status722.csv
grp_multiheadattention_ap_fixed_16_6_5_3_0_ap_fixed_33_13_5_3_0_config3_s_fu_206,qk_mul_18_34_U,,chan_status723.csv
grp_multiheadattention_ap_fixed_16_6_5_3_0_ap_fixed_33_13_5_3_0_config3_s_fu_206,qk_mul_19_34_U,,chan_status724.csv
grp_multiheadattention_ap_fixed_16_6_5_3_0_ap_fixed_33_13_5_3_0_config3_s_fu_206,qk_mul_0_35_U,,chan_status725.csv
grp_multiheadattention_ap_fixed_16_6_5_3_0_ap_fixed_33_13_5_3_0_config3_s_fu_206,qk_mul_1_35_U,,chan_status726.csv
grp_multiheadattention_ap_fixed_16_6_5_3_0_ap_fixed_33_13_5_3_0_config3_s_fu_206,qk_mul_2_35_U,,chan_status727.csv
grp_multiheadattention_ap_fixed_16_6_5_3_0_ap_fixed_33_13_5_3_0_config3_s_fu_206,qk_mul_3_35_U,,chan_status728.csv
grp_multiheadattention_ap_fixed_16_6_5_3_0_ap_fixed_33_13_5_3_0_config3_s_fu_206,qk_mul_4_35_U,,chan_status729.csv
grp_multiheadattention_ap_fixed_16_6_5_3_0_ap_fixed_33_13_5_3_0_config3_s_fu_206,qk_mul_5_35_U,,chan_status730.csv
grp_multiheadattention_ap_fixed_16_6_5_3_0_ap_fixed_33_13_5_3_0_config3_s_fu_206,qk_mul_6_35_U,,chan_status731.csv
grp_multiheadattention_ap_fixed_16_6_5_3_0_ap_fixed_33_13_5_3_0_config3_s_fu_206,qk_mul_7_35_U,,chan_status732.csv
grp_multiheadattention_ap_fixed_16_6_5_3_0_ap_fixed_33_13_5_3_0_config3_s_fu_206,qk_mul_8_35_U,,chan_status733.csv
grp_multiheadattention_ap_fixed_16_6_5_3_0_ap_fixed_33_13_5_3_0_config3_s_fu_206,qk_mul_9_35_U,,chan_status734.csv
grp_multiheadattention_ap_fixed_16_6_5_3_0_ap_fixed_33_13_5_3_0_config3_s_fu_206,qk_mul_10_35_U,,chan_status735.csv
grp_multiheadattention_ap_fixed_16_6_5_3_0_ap_fixed_33_13_5_3_0_config3_s_fu_206,qk_mul_11_35_U,,chan_status736.csv
grp_multiheadattention_ap_fixed_16_6_5_3_0_ap_fixed_33_13_5_3_0_config3_s_fu_206,qk_mul_12_35_U,,chan_status737.csv
grp_multiheadattention_ap_fixed_16_6_5_3_0_ap_fixed_33_13_5_3_0_config3_s_fu_206,qk_mul_13_35_U,,chan_status738.csv
grp_multiheadattention_ap_fixed_16_6_5_3_0_ap_fixed_33_13_5_3_0_config3_s_fu_206,qk_mul_14_35_U,,chan_status739.csv
grp_multiheadattention_ap_fixed_16_6_5_3_0_ap_fixed_33_13_5_3_0_config3_s_fu_206,qk_mul_15_35_U,,chan_status740.csv
grp_multiheadattention_ap_fixed_16_6_5_3_0_ap_fixed_33_13_5_3_0_config3_s_fu_206,qk_mul_16_35_U,,chan_status741.csv
grp_multiheadattention_ap_fixed_16_6_5_3_0_ap_fixed_33_13_5_3_0_config3_s_fu_206,qk_mul_17_35_U,,chan_status742.csv
grp_multiheadattention_ap_fixed_16_6_5_3_0_ap_fixed_33_13_5_3_0_config3_s_fu_206,qk_mul_18_35_U,,chan_status743.csv
grp_multiheadattention_ap_fixed_16_6_5_3_0_ap_fixed_33_13_5_3_0_config3_s_fu_206,qk_mul_19_35_U,,chan_status744.csv
grp_multiheadattention_ap_fixed_16_6_5_3_0_ap_fixed_33_13_5_3_0_config3_s_fu_206,qk_mul_0_36_U,,chan_status745.csv
grp_multiheadattention_ap_fixed_16_6_5_3_0_ap_fixed_33_13_5_3_0_config3_s_fu_206,qk_mul_1_36_U,,chan_status746.csv
grp_multiheadattention_ap_fixed_16_6_5_3_0_ap_fixed_33_13_5_3_0_config3_s_fu_206,qk_mul_2_36_U,,chan_status747.csv
grp_multiheadattention_ap_fixed_16_6_5_3_0_ap_fixed_33_13_5_3_0_config3_s_fu_206,qk_mul_3_36_U,,chan_status748.csv
grp_multiheadattention_ap_fixed_16_6_5_3_0_ap_fixed_33_13_5_3_0_config3_s_fu_206,qk_mul_4_36_U,,chan_status749.csv
grp_multiheadattention_ap_fixed_16_6_5_3_0_ap_fixed_33_13_5_3_0_config3_s_fu_206,qk_mul_5_36_U,,chan_status750.csv
grp_multiheadattention_ap_fixed_16_6_5_3_0_ap_fixed_33_13_5_3_0_config3_s_fu_206,qk_mul_6_36_U,,chan_status751.csv
grp_multiheadattention_ap_fixed_16_6_5_3_0_ap_fixed_33_13_5_3_0_config3_s_fu_206,qk_mul_7_36_U,,chan_status752.csv
grp_multiheadattention_ap_fixed_16_6_5_3_0_ap_fixed_33_13_5_3_0_config3_s_fu_206,qk_mul_8_36_U,,chan_status753.csv
grp_multiheadattention_ap_fixed_16_6_5_3_0_ap_fixed_33_13_5_3_0_config3_s_fu_206,qk_mul_9_36_U,,chan_status754.csv
grp_multiheadattention_ap_fixed_16_6_5_3_0_ap_fixed_33_13_5_3_0_config3_s_fu_206,qk_mul_10_36_U,,chan_status755.csv
grp_multiheadattention_ap_fixed_16_6_5_3_0_ap_fixed_33_13_5_3_0_config3_s_fu_206,qk_mul_11_36_U,,chan_status756.csv
grp_multiheadattention_ap_fixed_16_6_5_3_0_ap_fixed_33_13_5_3_0_config3_s_fu_206,qk_mul_12_36_U,,chan_status757.csv
grp_multiheadattention_ap_fixed_16_6_5_3_0_ap_fixed_33_13_5_3_0_config3_s_fu_206,qk_mul_13_36_U,,chan_status758.csv
grp_multiheadattention_ap_fixed_16_6_5_3_0_ap_fixed_33_13_5_3_0_config3_s_fu_206,qk_mul_14_36_U,,chan_status759.csv
grp_multiheadattention_ap_fixed_16_6_5_3_0_ap_fixed_33_13_5_3_0_config3_s_fu_206,qk_mul_15_36_U,,chan_status760.csv
grp_multiheadattention_ap_fixed_16_6_5_3_0_ap_fixed_33_13_5_3_0_config3_s_fu_206,qk_mul_16_36_U,,chan_status761.csv
grp_multiheadattention_ap_fixed_16_6_5_3_0_ap_fixed_33_13_5_3_0_config3_s_fu_206,qk_mul_17_36_U,,chan_status762.csv
grp_multiheadattention_ap_fixed_16_6_5_3_0_ap_fixed_33_13_5_3_0_config3_s_fu_206,qk_mul_18_36_U,,chan_status763.csv
grp_multiheadattention_ap_fixed_16_6_5_3_0_ap_fixed_33_13_5_3_0_config3_s_fu_206,qk_mul_19_36_U,,chan_status764.csv
grp_multiheadattention_ap_fixed_16_6_5_3_0_ap_fixed_33_13_5_3_0_config3_s_fu_206,qk_mul_0_37_U,,chan_status765.csv
grp_multiheadattention_ap_fixed_16_6_5_3_0_ap_fixed_33_13_5_3_0_config3_s_fu_206,qk_mul_1_37_U,,chan_status766.csv
grp_multiheadattention_ap_fixed_16_6_5_3_0_ap_fixed_33_13_5_3_0_config3_s_fu_206,qk_mul_2_37_U,,chan_status767.csv
grp_multiheadattention_ap_fixed_16_6_5_3_0_ap_fixed_33_13_5_3_0_config3_s_fu_206,qk_mul_3_37_U,,chan_status768.csv
grp_multiheadattention_ap_fixed_16_6_5_3_0_ap_fixed_33_13_5_3_0_config3_s_fu_206,qk_mul_4_37_U,,chan_status769.csv
grp_multiheadattention_ap_fixed_16_6_5_3_0_ap_fixed_33_13_5_3_0_config3_s_fu_206,qk_mul_5_37_U,,chan_status770.csv
grp_multiheadattention_ap_fixed_16_6_5_3_0_ap_fixed_33_13_5_3_0_config3_s_fu_206,qk_mul_6_37_U,,chan_status771.csv
grp_multiheadattention_ap_fixed_16_6_5_3_0_ap_fixed_33_13_5_3_0_config3_s_fu_206,qk_mul_7_37_U,,chan_status772.csv
grp_multiheadattention_ap_fixed_16_6_5_3_0_ap_fixed_33_13_5_3_0_config3_s_fu_206,qk_mul_8_37_U,,chan_status773.csv
grp_multiheadattention_ap_fixed_16_6_5_3_0_ap_fixed_33_13_5_3_0_config3_s_fu_206,qk_mul_9_37_U,,chan_status774.csv
grp_multiheadattention_ap_fixed_16_6_5_3_0_ap_fixed_33_13_5_3_0_config3_s_fu_206,qk_mul_10_37_U,,chan_status775.csv
grp_multiheadattention_ap_fixed_16_6_5_3_0_ap_fixed_33_13_5_3_0_config3_s_fu_206,qk_mul_11_37_U,,chan_status776.csv
grp_multiheadattention_ap_fixed_16_6_5_3_0_ap_fixed_33_13_5_3_0_config3_s_fu_206,qk_mul_12_37_U,,chan_status777.csv
grp_multiheadattention_ap_fixed_16_6_5_3_0_ap_fixed_33_13_5_3_0_config3_s_fu_206,qk_mul_13_37_U,,chan_status778.csv
grp_multiheadattention_ap_fixed_16_6_5_3_0_ap_fixed_33_13_5_3_0_config3_s_fu_206,qk_mul_14_37_U,,chan_status779.csv
grp_multiheadattention_ap_fixed_16_6_5_3_0_ap_fixed_33_13_5_3_0_config3_s_fu_206,qk_mul_15_37_U,,chan_status780.csv
grp_multiheadattention_ap_fixed_16_6_5_3_0_ap_fixed_33_13_5_3_0_config3_s_fu_206,qk_mul_16_37_U,,chan_status781.csv
grp_multiheadattention_ap_fixed_16_6_5_3_0_ap_fixed_33_13_5_3_0_config3_s_fu_206,qk_mul_17_37_U,,chan_status782.csv
grp_multiheadattention_ap_fixed_16_6_5_3_0_ap_fixed_33_13_5_3_0_config3_s_fu_206,qk_mul_18_37_U,,chan_status783.csv
grp_multiheadattention_ap_fixed_16_6_5_3_0_ap_fixed_33_13_5_3_0_config3_s_fu_206,qk_mul_19_37_U,,chan_status784.csv
grp_multiheadattention_ap_fixed_16_6_5_3_0_ap_fixed_33_13_5_3_0_config3_s_fu_206,qk_mul_0_38_U,,chan_status785.csv
grp_multiheadattention_ap_fixed_16_6_5_3_0_ap_fixed_33_13_5_3_0_config3_s_fu_206,qk_mul_1_38_U,,chan_status786.csv
grp_multiheadattention_ap_fixed_16_6_5_3_0_ap_fixed_33_13_5_3_0_config3_s_fu_206,qk_mul_2_38_U,,chan_status787.csv
grp_multiheadattention_ap_fixed_16_6_5_3_0_ap_fixed_33_13_5_3_0_config3_s_fu_206,qk_mul_3_38_U,,chan_status788.csv
grp_multiheadattention_ap_fixed_16_6_5_3_0_ap_fixed_33_13_5_3_0_config3_s_fu_206,qk_mul_4_38_U,,chan_status789.csv
grp_multiheadattention_ap_fixed_16_6_5_3_0_ap_fixed_33_13_5_3_0_config3_s_fu_206,qk_mul_5_38_U,,chan_status790.csv
grp_multiheadattention_ap_fixed_16_6_5_3_0_ap_fixed_33_13_5_3_0_config3_s_fu_206,qk_mul_6_38_U,,chan_status791.csv
grp_multiheadattention_ap_fixed_16_6_5_3_0_ap_fixed_33_13_5_3_0_config3_s_fu_206,qk_mul_7_38_U,,chan_status792.csv
grp_multiheadattention_ap_fixed_16_6_5_3_0_ap_fixed_33_13_5_3_0_config3_s_fu_206,qk_mul_8_38_U,,chan_status793.csv
grp_multiheadattention_ap_fixed_16_6_5_3_0_ap_fixed_33_13_5_3_0_config3_s_fu_206,qk_mul_9_38_U,,chan_status794.csv
grp_multiheadattention_ap_fixed_16_6_5_3_0_ap_fixed_33_13_5_3_0_config3_s_fu_206,qk_mul_10_38_U,,chan_status795.csv
grp_multiheadattention_ap_fixed_16_6_5_3_0_ap_fixed_33_13_5_3_0_config3_s_fu_206,qk_mul_11_38_U,,chan_status796.csv
grp_multiheadattention_ap_fixed_16_6_5_3_0_ap_fixed_33_13_5_3_0_config3_s_fu_206,qk_mul_12_38_U,,chan_status797.csv
grp_multiheadattention_ap_fixed_16_6_5_3_0_ap_fixed_33_13_5_3_0_config3_s_fu_206,qk_mul_13_38_U,,chan_status798.csv
grp_multiheadattention_ap_fixed_16_6_5_3_0_ap_fixed_33_13_5_3_0_config3_s_fu_206,qk_mul_14_38_U,,chan_status799.csv
grp_multiheadattention_ap_fixed_16_6_5_3_0_ap_fixed_33_13_5_3_0_config3_s_fu_206,qk_mul_15_38_U,,chan_status800.csv
grp_multiheadattention_ap_fixed_16_6_5_3_0_ap_fixed_33_13_5_3_0_config3_s_fu_206,qk_mul_16_38_U,,chan_status801.csv
grp_multiheadattention_ap_fixed_16_6_5_3_0_ap_fixed_33_13_5_3_0_config3_s_fu_206,qk_mul_17_38_U,,chan_status802.csv
grp_multiheadattention_ap_fixed_16_6_5_3_0_ap_fixed_33_13_5_3_0_config3_s_fu_206,qk_mul_18_38_U,,chan_status803.csv
grp_multiheadattention_ap_fixed_16_6_5_3_0_ap_fixed_33_13_5_3_0_config3_s_fu_206,qk_mul_19_38_U,,chan_status804.csv
grp_multiheadattention_ap_fixed_16_6_5_3_0_ap_fixed_33_13_5_3_0_config3_s_fu_206,qk_mul_0_39_U,,chan_status805.csv
grp_multiheadattention_ap_fixed_16_6_5_3_0_ap_fixed_33_13_5_3_0_config3_s_fu_206,qk_mul_1_39_U,,chan_status806.csv
grp_multiheadattention_ap_fixed_16_6_5_3_0_ap_fixed_33_13_5_3_0_config3_s_fu_206,qk_mul_2_39_U,,chan_status807.csv
grp_multiheadattention_ap_fixed_16_6_5_3_0_ap_fixed_33_13_5_3_0_config3_s_fu_206,qk_mul_3_39_U,,chan_status808.csv
grp_multiheadattention_ap_fixed_16_6_5_3_0_ap_fixed_33_13_5_3_0_config3_s_fu_206,qk_mul_4_39_U,,chan_status809.csv
grp_multiheadattention_ap_fixed_16_6_5_3_0_ap_fixed_33_13_5_3_0_config3_s_fu_206,qk_mul_5_39_U,,chan_status810.csv
grp_multiheadattention_ap_fixed_16_6_5_3_0_ap_fixed_33_13_5_3_0_config3_s_fu_206,qk_mul_6_39_U,,chan_status811.csv
grp_multiheadattention_ap_fixed_16_6_5_3_0_ap_fixed_33_13_5_3_0_config3_s_fu_206,qk_mul_7_39_U,,chan_status812.csv
grp_multiheadattention_ap_fixed_16_6_5_3_0_ap_fixed_33_13_5_3_0_config3_s_fu_206,qk_mul_8_39_U,,chan_status813.csv
grp_multiheadattention_ap_fixed_16_6_5_3_0_ap_fixed_33_13_5_3_0_config3_s_fu_206,qk_mul_9_39_U,,chan_status814.csv
grp_multiheadattention_ap_fixed_16_6_5_3_0_ap_fixed_33_13_5_3_0_config3_s_fu_206,qk_mul_10_39_U,,chan_status815.csv
grp_multiheadattention_ap_fixed_16_6_5_3_0_ap_fixed_33_13_5_3_0_config3_s_fu_206,qk_mul_11_39_U,,chan_status816.csv
grp_multiheadattention_ap_fixed_16_6_5_3_0_ap_fixed_33_13_5_3_0_config3_s_fu_206,qk_mul_12_39_U,,chan_status817.csv
grp_multiheadattention_ap_fixed_16_6_5_3_0_ap_fixed_33_13_5_3_0_config3_s_fu_206,qk_mul_13_39_U,,chan_status818.csv
grp_multiheadattention_ap_fixed_16_6_5_3_0_ap_fixed_33_13_5_3_0_config3_s_fu_206,qk_mul_14_39_U,,chan_status819.csv
grp_multiheadattention_ap_fixed_16_6_5_3_0_ap_fixed_33_13_5_3_0_config3_s_fu_206,qk_mul_15_39_U,,chan_status820.csv
grp_multiheadattention_ap_fixed_16_6_5_3_0_ap_fixed_33_13_5_3_0_config3_s_fu_206,qk_mul_16_39_U,,chan_status821.csv
grp_multiheadattention_ap_fixed_16_6_5_3_0_ap_fixed_33_13_5_3_0_config3_s_fu_206,qk_mul_17_39_U,,chan_status822.csv
grp_multiheadattention_ap_fixed_16_6_5_3_0_ap_fixed_33_13_5_3_0_config3_s_fu_206,qk_mul_18_39_U,,chan_status823.csv
grp_multiheadattention_ap_fixed_16_6_5_3_0_ap_fixed_33_13_5_3_0_config3_s_fu_206,qk_mul_19_39_U,,chan_status824.csv
grp_multiheadattention_ap_fixed_16_6_5_3_0_ap_fixed_33_13_5_3_0_config3_s_fu_206,matr_out_2_U,,chan_status825.csv
grp_multiheadattention_ap_fixed_16_6_5_3_0_ap_fixed_33_13_5_3_0_config3_s_fu_206,matr_out_3_U,,chan_status826.csv
