grp_multiheadattention_ap_fixed_16_6_5_3_0_ap_fixed_33_13_5_3_0_config4_s_fu_208,data_prep_ap_fixed_16_6_5_3_0_ap_fixed_33_13_5_3_0_config4_U0,,status1.csv
grp_multiheadattention_ap_fixed_16_6_5_3_0_ap_fixed_33_13_5_3_0_config4_s_fu_208,data_prep_ap_fixed_16_6_5_3_0_ap_fixed_33_13_5_3_0_config4_6_U0,,status2.csv
grp_multiheadattention_ap_fixed_16_6_5_3_0_ap_fixed_33_13_5_3_0_config4_s_fu_208,data_prep_ap_fixed_16_6_5_3_0_ap_fixed_33_13_5_3_0_config4_7_U0,,status3.csv
grp_multiheadattention_ap_fixed_16_6_5_3_0_ap_fixed_33_13_5_3_0_config4_s_fu_208,data_prep_ap_fixed_16_6_5_3_0_ap_fixed_33_13_5_3_0_config4_8_U0,,status4.csv
grp_multiheadattention_ap_fixed_16_6_5_3_0_ap_fixed_33_13_5_3_0_config4_s_fu_208,lin_projection_ap_fixed_16_6_5_3_0_ap_fixed_33_13_5_3_0_config4_U0,,status5.csv
grp_multiheadattention_ap_fixed_16_6_5_3_0_ap_fixed_33_13_5_3_0_config4_s_fu_208,lin_projection_ap_fixed_16_6_5_3_0_ap_fixed_33_13_5_3_0_config4_3_U0,,status6.csv
grp_multiheadattention_ap_fixed_16_6_5_3_0_ap_fixed_33_13_5_3_0_config4_s_fu_208,matrixmul_transpose_ap_fixed_ap_fixed_33_13_5_3_0_config4_1_U0,,status7.csv
grp_multiheadattention_ap_fixed_16_6_5_3_0_ap_fixed_33_13_5_3_0_config4_s_fu_208,matrixmul_transpose_ap_fixed_ap_fixed_33_13_5_3_0_config4_U0,,status8.csv
grp_multiheadattention_ap_fixed_16_6_5_3_0_ap_fixed_33_13_5_3_0_config4_s_fu_208,matrixmul_ap_fixed_33_13_5_3_0_ap_fixed_33_13_5_3_0_config4_U0,,status9.csv
grp_multiheadattention_ap_fixed_16_6_5_3_0_ap_fixed_33_13_5_3_0_config4_s_fu_208,matrixmul_ap_fixed_33_13_5_3_0_ap_fixed_33_13_5_3_0_config4_5_U0,,status10.csv
grp_multiheadattention_ap_fixed_16_6_5_3_0_ap_fixed_33_13_5_3_0_config4_s_fu_208,dense_out_ap_fixed_33_13_5_3_0_ap_fixed_33_13_5_3_0_config4_U0,,status11.csv
,AESL_inst_myproject,,module_status1.csv
,grp_multiheadattention_ap_fixed_16_6_5_3_0_ap_fixed_33_13_5_3_0_config4_s_fu_208,,module_status2.csv
grp_multiheadattention_ap_fixed_16_6_5_3_0_ap_fixed_33_13_5_3_0_config4_s_fu_208.lin_projection_ap_fixed_16_6_5_3_0_ap_fixed_33_13_5_3_0_config4_U0,grp_read_stream_array_ap_fixed_16_6_5_3_0_4_s_fu_73,,module_status3.csv
grp_multiheadattention_ap_fixed_16_6_5_3_0_ap_fixed_33_13_5_3_0_config4_s_fu_208.lin_projection_ap_fixed_16_6_5_3_0_ap_fixed_33_13_5_3_0_config4_U0,grp_read_stream_array_ap_fixed_16_6_5_3_0_4_s_fu_85,,module_status4.csv
grp_multiheadattention_ap_fixed_16_6_5_3_0_ap_fixed_33_13_5_3_0_config4_s_fu_208.lin_projection_ap_fixed_16_6_5_3_0_ap_fixed_33_13_5_3_0_config4_U0,grp_dense_latency_ap_fixed_16_6_5_3_0_ap_fixed_33_13_5_3_0_config4_1_s_fu_97,,module_status5.csv
grp_multiheadattention_ap_fixed_16_6_5_3_0_ap_fixed_33_13_5_3_0_config4_s_fu_208.lin_projection_ap_fixed_16_6_5_3_0_ap_fixed_33_13_5_3_0_config4_U0,grp_dense_latency_ap_fixed_16_6_5_3_0_ap_fixed_33_13_5_3_0_config4_1_1_fu_109,,module_status6.csv
grp_multiheadattention_ap_fixed_16_6_5_3_0_ap_fixed_33_13_5_3_0_config4_s_fu_208.lin_projection_ap_fixed_16_6_5_3_0_ap_fixed_33_13_5_3_0_config4_U0,grp_dense_latency_ap_fixed_16_6_5_3_0_ap_fixed_33_13_5_3_0_config4_1_2_fu_121,,module_status7.csv
grp_multiheadattention_ap_fixed_16_6_5_3_0_ap_fixed_33_13_5_3_0_config4_s_fu_208.lin_projection_ap_fixed_16_6_5_3_0_ap_fixed_33_13_5_3_0_config4_3_U0,grp_read_stream_array_ap_fixed_16_6_5_3_0_4_s_fu_73,,module_status8.csv
grp_multiheadattention_ap_fixed_16_6_5_3_0_ap_fixed_33_13_5_3_0_config4_s_fu_208.lin_projection_ap_fixed_16_6_5_3_0_ap_fixed_33_13_5_3_0_config4_3_U0,grp_read_stream_array_ap_fixed_16_6_5_3_0_4_s_fu_85,,module_status9.csv
grp_multiheadattention_ap_fixed_16_6_5_3_0_ap_fixed_33_13_5_3_0_config4_s_fu_208.lin_projection_ap_fixed_16_6_5_3_0_ap_fixed_33_13_5_3_0_config4_3_U0,grp_dense_latency_ap_fixed_16_6_5_3_0_ap_fixed_33_13_5_3_0_config4_1_s_fu_97,,module_status10.csv
grp_multiheadattention_ap_fixed_16_6_5_3_0_ap_fixed_33_13_5_3_0_config4_s_fu_208.lin_projection_ap_fixed_16_6_5_3_0_ap_fixed_33_13_5_3_0_config4_3_U0,grp_dense_latency_ap_fixed_16_6_5_3_0_ap_fixed_33_13_5_3_0_config4_1_1_fu_109,,module_status11.csv
grp_multiheadattention_ap_fixed_16_6_5_3_0_ap_fixed_33_13_5_3_0_config4_s_fu_208.lin_projection_ap_fixed_16_6_5_3_0_ap_fixed_33_13_5_3_0_config4_3_U0,grp_dense_latency_ap_fixed_16_6_5_3_0_ap_fixed_33_13_5_3_0_config4_1_2_fu_121,,module_status12.csv
grp_multiheadattention_ap_fixed_16_6_5_3_0_ap_fixed_33_13_5_3_0_config4_s_fu_208.matrixmul_transpose_ap_fixed_ap_fixed_33_13_5_3_0_config4_1_U0,grp_softmax_legacy_ap_fixed_ap_fixed_33_13_5_3_0_softmax_config4_s_fu_68,,module_status13.csv
grp_multiheadattention_ap_fixed_16_6_5_3_0_ap_fixed_33_13_5_3_0_config4_s_fu_208.matrixmul_transpose_ap_fixed_ap_fixed_33_13_5_3_0_config4_1_U0,grp_softmax_legacy_ap_fixed_ap_fixed_33_13_5_3_0_softmax_config4_s_fu_96,,module_status14.csv
grp_multiheadattention_ap_fixed_16_6_5_3_0_ap_fixed_33_13_5_3_0_config4_s_fu_208.matrixmul_transpose_ap_fixed_ap_fixed_33_13_5_3_0_config4_1_U0,grp_softmax_legacy_ap_fixed_ap_fixed_33_13_5_3_0_softmax_config4_s_fu_124,,module_status15.csv
grp_multiheadattention_ap_fixed_16_6_5_3_0_ap_fixed_33_13_5_3_0_config4_s_fu_208.matrixmul_transpose_ap_fixed_ap_fixed_33_13_5_3_0_config4_1_U0,grp_softmax_legacy_ap_fixed_ap_fixed_33_13_5_3_0_softmax_config4_s_fu_152,,module_status16.csv
grp_multiheadattention_ap_fixed_16_6_5_3_0_ap_fixed_33_13_5_3_0_config4_s_fu_208.matrixmul_transpose_ap_fixed_ap_fixed_33_13_5_3_0_config4_1_U0,grp_softmax_legacy_ap_fixed_ap_fixed_33_13_5_3_0_softmax_config4_s_fu_180,,module_status17.csv
grp_multiheadattention_ap_fixed_16_6_5_3_0_ap_fixed_33_13_5_3_0_config4_s_fu_208.matrixmul_transpose_ap_fixed_ap_fixed_33_13_5_3_0_config4_1_U0,grp_softmax_legacy_ap_fixed_ap_fixed_33_13_5_3_0_softmax_config4_s_fu_208,,module_status18.csv
grp_multiheadattention_ap_fixed_16_6_5_3_0_ap_fixed_33_13_5_3_0_config4_s_fu_208.matrixmul_transpose_ap_fixed_ap_fixed_33_13_5_3_0_config4_1_U0,grp_softmax_legacy_ap_fixed_ap_fixed_33_13_5_3_0_softmax_config4_s_fu_236,,module_status19.csv
grp_multiheadattention_ap_fixed_16_6_5_3_0_ap_fixed_33_13_5_3_0_config4_s_fu_208.matrixmul_transpose_ap_fixed_ap_fixed_33_13_5_3_0_config4_1_U0,grp_softmax_legacy_ap_fixed_ap_fixed_33_13_5_3_0_softmax_config4_s_fu_264,,module_status20.csv
grp_multiheadattention_ap_fixed_16_6_5_3_0_ap_fixed_33_13_5_3_0_config4_s_fu_208.matrixmul_transpose_ap_fixed_ap_fixed_33_13_5_3_0_config4_1_U0,grp_softmax_legacy_ap_fixed_ap_fixed_33_13_5_3_0_softmax_config4_s_fu_292,,module_status21.csv
grp_multiheadattention_ap_fixed_16_6_5_3_0_ap_fixed_33_13_5_3_0_config4_s_fu_208.matrixmul_transpose_ap_fixed_ap_fixed_33_13_5_3_0_config4_1_U0,grp_softmax_legacy_ap_fixed_ap_fixed_33_13_5_3_0_softmax_config4_s_fu_320,,module_status22.csv
grp_multiheadattention_ap_fixed_16_6_5_3_0_ap_fixed_33_13_5_3_0_config4_s_fu_208.matrixmul_transpose_ap_fixed_ap_fixed_33_13_5_3_0_config4_1_U0,grp_softmax_legacy_ap_fixed_ap_fixed_33_13_5_3_0_softmax_config4_s_fu_348,,module_status23.csv
grp_multiheadattention_ap_fixed_16_6_5_3_0_ap_fixed_33_13_5_3_0_config4_s_fu_208.matrixmul_transpose_ap_fixed_ap_fixed_33_13_5_3_0_config4_1_U0,grp_softmax_legacy_ap_fixed_ap_fixed_33_13_5_3_0_softmax_config4_s_fu_376,,module_status24.csv
grp_multiheadattention_ap_fixed_16_6_5_3_0_ap_fixed_33_13_5_3_0_config4_s_fu_208.matrixmul_transpose_ap_fixed_ap_fixed_33_13_5_3_0_config4_1_U0,grp_softmax_legacy_ap_fixed_ap_fixed_33_13_5_3_0_softmax_config4_s_fu_404,,module_status25.csv
grp_multiheadattention_ap_fixed_16_6_5_3_0_ap_fixed_33_13_5_3_0_config4_s_fu_208.matrixmul_transpose_ap_fixed_ap_fixed_33_13_5_3_0_config4_1_U0,grp_softmax_legacy_ap_fixed_ap_fixed_33_13_5_3_0_softmax_config4_s_fu_432,,module_status26.csv
grp_multiheadattention_ap_fixed_16_6_5_3_0_ap_fixed_33_13_5_3_0_config4_s_fu_208.matrixmul_transpose_ap_fixed_ap_fixed_33_13_5_3_0_config4_1_U0,grp_softmax_legacy_ap_fixed_ap_fixed_33_13_5_3_0_softmax_config4_s_fu_460,,module_status27.csv
grp_multiheadattention_ap_fixed_16_6_5_3_0_ap_fixed_33_13_5_3_0_config4_s_fu_208.matrixmul_transpose_ap_fixed_ap_fixed_33_13_5_3_0_config4_1_U0,grp_softmax_legacy_ap_fixed_ap_fixed_33_13_5_3_0_softmax_config4_s_fu_488,,module_status28.csv
grp_multiheadattention_ap_fixed_16_6_5_3_0_ap_fixed_33_13_5_3_0_config4_s_fu_208.matrixmul_transpose_ap_fixed_ap_fixed_33_13_5_3_0_config4_1_U0,grp_softmax_legacy_ap_fixed_ap_fixed_33_13_5_3_0_softmax_config4_s_fu_516,,module_status29.csv
grp_multiheadattention_ap_fixed_16_6_5_3_0_ap_fixed_33_13_5_3_0_config4_s_fu_208.matrixmul_transpose_ap_fixed_ap_fixed_33_13_5_3_0_config4_1_U0,grp_softmax_legacy_ap_fixed_ap_fixed_33_13_5_3_0_softmax_config4_s_fu_544,,module_status30.csv
grp_multiheadattention_ap_fixed_16_6_5_3_0_ap_fixed_33_13_5_3_0_config4_s_fu_208.matrixmul_transpose_ap_fixed_ap_fixed_33_13_5_3_0_config4_1_U0,grp_softmax_legacy_ap_fixed_ap_fixed_33_13_5_3_0_softmax_config4_s_fu_572,,module_status31.csv
grp_multiheadattention_ap_fixed_16_6_5_3_0_ap_fixed_33_13_5_3_0_config4_s_fu_208.matrixmul_transpose_ap_fixed_ap_fixed_33_13_5_3_0_config4_1_U0,grp_softmax_legacy_ap_fixed_ap_fixed_33_13_5_3_0_softmax_config4_s_fu_600,,module_status32.csv
grp_multiheadattention_ap_fixed_16_6_5_3_0_ap_fixed_33_13_5_3_0_config4_s_fu_208.matrixmul_transpose_ap_fixed_ap_fixed_33_13_5_3_0_config4_U0,grp_softmax_legacy_ap_fixed_ap_fixed_33_13_5_3_0_softmax_config4_s_fu_68,,module_status33.csv
grp_multiheadattention_ap_fixed_16_6_5_3_0_ap_fixed_33_13_5_3_0_config4_s_fu_208.matrixmul_transpose_ap_fixed_ap_fixed_33_13_5_3_0_config4_U0,grp_softmax_legacy_ap_fixed_ap_fixed_33_13_5_3_0_softmax_config4_s_fu_96,,module_status34.csv
grp_multiheadattention_ap_fixed_16_6_5_3_0_ap_fixed_33_13_5_3_0_config4_s_fu_208.matrixmul_transpose_ap_fixed_ap_fixed_33_13_5_3_0_config4_U0,grp_softmax_legacy_ap_fixed_ap_fixed_33_13_5_3_0_softmax_config4_s_fu_124,,module_status35.csv
grp_multiheadattention_ap_fixed_16_6_5_3_0_ap_fixed_33_13_5_3_0_config4_s_fu_208.matrixmul_transpose_ap_fixed_ap_fixed_33_13_5_3_0_config4_U0,grp_softmax_legacy_ap_fixed_ap_fixed_33_13_5_3_0_softmax_config4_s_fu_152,,module_status36.csv
grp_multiheadattention_ap_fixed_16_6_5_3_0_ap_fixed_33_13_5_3_0_config4_s_fu_208.matrixmul_transpose_ap_fixed_ap_fixed_33_13_5_3_0_config4_U0,grp_softmax_legacy_ap_fixed_ap_fixed_33_13_5_3_0_softmax_config4_s_fu_180,,module_status37.csv
grp_multiheadattention_ap_fixed_16_6_5_3_0_ap_fixed_33_13_5_3_0_config4_s_fu_208.matrixmul_transpose_ap_fixed_ap_fixed_33_13_5_3_0_config4_U0,grp_softmax_legacy_ap_fixed_ap_fixed_33_13_5_3_0_softmax_config4_s_fu_208,,module_status38.csv
grp_multiheadattention_ap_fixed_16_6_5_3_0_ap_fixed_33_13_5_3_0_config4_s_fu_208.matrixmul_transpose_ap_fixed_ap_fixed_33_13_5_3_0_config4_U0,grp_softmax_legacy_ap_fixed_ap_fixed_33_13_5_3_0_softmax_config4_s_fu_236,,module_status39.csv
grp_multiheadattention_ap_fixed_16_6_5_3_0_ap_fixed_33_13_5_3_0_config4_s_fu_208.matrixmul_transpose_ap_fixed_ap_fixed_33_13_5_3_0_config4_U0,grp_softmax_legacy_ap_fixed_ap_fixed_33_13_5_3_0_softmax_config4_s_fu_264,,module_status40.csv
grp_multiheadattention_ap_fixed_16_6_5_3_0_ap_fixed_33_13_5_3_0_config4_s_fu_208.matrixmul_transpose_ap_fixed_ap_fixed_33_13_5_3_0_config4_U0,grp_softmax_legacy_ap_fixed_ap_fixed_33_13_5_3_0_softmax_config4_s_fu_292,,module_status41.csv
grp_multiheadattention_ap_fixed_16_6_5_3_0_ap_fixed_33_13_5_3_0_config4_s_fu_208.matrixmul_transpose_ap_fixed_ap_fixed_33_13_5_3_0_config4_U0,grp_softmax_legacy_ap_fixed_ap_fixed_33_13_5_3_0_softmax_config4_s_fu_320,,module_status42.csv
grp_multiheadattention_ap_fixed_16_6_5_3_0_ap_fixed_33_13_5_3_0_config4_s_fu_208.matrixmul_transpose_ap_fixed_ap_fixed_33_13_5_3_0_config4_U0,grp_softmax_legacy_ap_fixed_ap_fixed_33_13_5_3_0_softmax_config4_s_fu_348,,module_status43.csv
grp_multiheadattention_ap_fixed_16_6_5_3_0_ap_fixed_33_13_5_3_0_config4_s_fu_208.matrixmul_transpose_ap_fixed_ap_fixed_33_13_5_3_0_config4_U0,grp_softmax_legacy_ap_fixed_ap_fixed_33_13_5_3_0_softmax_config4_s_fu_376,,module_status44.csv
grp_multiheadattention_ap_fixed_16_6_5_3_0_ap_fixed_33_13_5_3_0_config4_s_fu_208.matrixmul_transpose_ap_fixed_ap_fixed_33_13_5_3_0_config4_U0,grp_softmax_legacy_ap_fixed_ap_fixed_33_13_5_3_0_softmax_config4_s_fu_404,,module_status45.csv
grp_multiheadattention_ap_fixed_16_6_5_3_0_ap_fixed_33_13_5_3_0_config4_s_fu_208.matrixmul_transpose_ap_fixed_ap_fixed_33_13_5_3_0_config4_U0,grp_softmax_legacy_ap_fixed_ap_fixed_33_13_5_3_0_softmax_config4_s_fu_432,,module_status46.csv
grp_multiheadattention_ap_fixed_16_6_5_3_0_ap_fixed_33_13_5_3_0_config4_s_fu_208.matrixmul_transpose_ap_fixed_ap_fixed_33_13_5_3_0_config4_U0,grp_softmax_legacy_ap_fixed_ap_fixed_33_13_5_3_0_softmax_config4_s_fu_460,,module_status47.csv
grp_multiheadattention_ap_fixed_16_6_5_3_0_ap_fixed_33_13_5_3_0_config4_s_fu_208.matrixmul_transpose_ap_fixed_ap_fixed_33_13_5_3_0_config4_U0,grp_softmax_legacy_ap_fixed_ap_fixed_33_13_5_3_0_softmax_config4_s_fu_488,,module_status48.csv
grp_multiheadattention_ap_fixed_16_6_5_3_0_ap_fixed_33_13_5_3_0_config4_s_fu_208.matrixmul_transpose_ap_fixed_ap_fixed_33_13_5_3_0_config4_U0,grp_softmax_legacy_ap_fixed_ap_fixed_33_13_5_3_0_softmax_config4_s_fu_516,,module_status49.csv
grp_multiheadattention_ap_fixed_16_6_5_3_0_ap_fixed_33_13_5_3_0_config4_s_fu_208.matrixmul_transpose_ap_fixed_ap_fixed_33_13_5_3_0_config4_U0,grp_softmax_legacy_ap_fixed_ap_fixed_33_13_5_3_0_softmax_config4_s_fu_544,,module_status50.csv
grp_multiheadattention_ap_fixed_16_6_5_3_0_ap_fixed_33_13_5_3_0_config4_s_fu_208.matrixmul_transpose_ap_fixed_ap_fixed_33_13_5_3_0_config4_U0,grp_softmax_legacy_ap_fixed_ap_fixed_33_13_5_3_0_softmax_config4_s_fu_572,,module_status51.csv
grp_multiheadattention_ap_fixed_16_6_5_3_0_ap_fixed_33_13_5_3_0_config4_s_fu_208.matrixmul_transpose_ap_fixed_ap_fixed_33_13_5_3_0_config4_U0,grp_softmax_legacy_ap_fixed_ap_fixed_33_13_5_3_0_softmax_config4_s_fu_600,,module_status52.csv
grp_multiheadattention_ap_fixed_16_6_5_3_0_ap_fixed_33_13_5_3_0_config4_s_fu_208.dense_out_ap_fixed_33_13_5_3_0_ap_fixed_33_13_5_3_0_config4_U0,grp_dense_latency_ap_fixed_33_13_5_3_0_ap_fixed_33_13_5_3_0_config4_2_s_fu_768,,module_status53.csv
