grp_multiheadattention_ap_fixed_ap_fixed_config3_s_fu_206,data_prep_ap_fixed_ap_fixed_16_6_5_3_0_config3_3_U0,,status1.csv
grp_multiheadattention_ap_fixed_ap_fixed_config3_s_fu_206,data_prep_ap_fixed_ap_fixed_16_6_5_3_0_config3_2_U0,,status2.csv
grp_multiheadattention_ap_fixed_ap_fixed_config3_s_fu_206,data_prep_ap_fixed_ap_fixed_16_6_5_3_0_config3_1_U0,,status3.csv
grp_multiheadattention_ap_fixed_ap_fixed_config3_s_fu_206,data_prep_ap_fixed_ap_fixed_16_6_5_3_0_config3_U0,,status4.csv
grp_multiheadattention_ap_fixed_ap_fixed_config3_s_fu_206,lin_projection_ap_fixed_ap_fixed_16_6_5_3_0_config3_1_U0,,status5.csv
grp_multiheadattention_ap_fixed_ap_fixed_config3_s_fu_206,lin_projection_ap_fixed_ap_fixed_16_6_5_3_0_config3_U0,,status6.csv
grp_multiheadattention_ap_fixed_ap_fixed_config3_s_fu_206,matrixmul_transpose_ap_fixed_ap_fixed_config3_1_U0,,status7.csv
grp_multiheadattention_ap_fixed_ap_fixed_config3_s_fu_206,matrixmul_transpose_ap_fixed_ap_fixed_config3_U0,,status8.csv
grp_multiheadattention_ap_fixed_ap_fixed_config3_s_fu_206,matrixmul_ap_fixed_ap_fixed_16_6_5_3_0_config3_1_U0,,status9.csv
grp_multiheadattention_ap_fixed_ap_fixed_config3_s_fu_206,matrixmul_ap_fixed_ap_fixed_16_6_5_3_0_config3_U0,,status10.csv
grp_multiheadattention_ap_fixed_ap_fixed_config3_s_fu_206,dense_out_ap_fixed_ap_fixed_16_6_5_3_0_config3_U0,,status11.csv
,AESL_inst_myproject,,module_status1.csv
,grp_multiheadattention_ap_fixed_ap_fixed_config3_s_fu_206,,module_status2.csv
grp_multiheadattention_ap_fixed_ap_fixed_config3_s_fu_206.lin_projection_ap_fixed_ap_fixed_16_6_5_3_0_config3_1_U0,grp_read_stream_array_ap_fixed_16_6_5_3_0_4_s_fu_73,,module_status3.csv
grp_multiheadattention_ap_fixed_ap_fixed_config3_s_fu_206.lin_projection_ap_fixed_ap_fixed_16_6_5_3_0_config3_1_U0,grp_read_stream_array_ap_fixed_16_6_5_3_0_4_s_fu_85,,module_status4.csv
grp_multiheadattention_ap_fixed_ap_fixed_config3_s_fu_206.lin_projection_ap_fixed_ap_fixed_16_6_5_3_0_config3_1_U0,grp_dense_latency_ap_fixed_ap_fixed_16_6_5_3_0_config3_1_2_fu_97,,module_status5.csv
grp_multiheadattention_ap_fixed_ap_fixed_config3_s_fu_206.lin_projection_ap_fixed_ap_fixed_16_6_5_3_0_config3_1_U0,grp_dense_latency_ap_fixed_ap_fixed_16_6_5_3_0_config3_1_1_fu_109,,module_status6.csv
grp_multiheadattention_ap_fixed_ap_fixed_config3_s_fu_206.lin_projection_ap_fixed_ap_fixed_16_6_5_3_0_config3_1_U0,grp_dense_latency_ap_fixed_ap_fixed_16_6_5_3_0_config3_1_s_fu_121,,module_status7.csv
grp_multiheadattention_ap_fixed_ap_fixed_config3_s_fu_206.lin_projection_ap_fixed_ap_fixed_16_6_5_3_0_config3_U0,grp_read_stream_array_ap_fixed_16_6_5_3_0_4_s_fu_73,,module_status8.csv
grp_multiheadattention_ap_fixed_ap_fixed_config3_s_fu_206.lin_projection_ap_fixed_ap_fixed_16_6_5_3_0_config3_U0,grp_read_stream_array_ap_fixed_16_6_5_3_0_4_s_fu_85,,module_status9.csv
grp_multiheadattention_ap_fixed_ap_fixed_config3_s_fu_206.lin_projection_ap_fixed_ap_fixed_16_6_5_3_0_config3_U0,grp_dense_latency_ap_fixed_ap_fixed_16_6_5_3_0_config3_1_2_fu_97,,module_status10.csv
grp_multiheadattention_ap_fixed_ap_fixed_config3_s_fu_206.lin_projection_ap_fixed_ap_fixed_16_6_5_3_0_config3_U0,grp_dense_latency_ap_fixed_ap_fixed_16_6_5_3_0_config3_1_1_fu_109,,module_status11.csv
grp_multiheadattention_ap_fixed_ap_fixed_config3_s_fu_206.lin_projection_ap_fixed_ap_fixed_16_6_5_3_0_config3_U0,grp_dense_latency_ap_fixed_ap_fixed_16_6_5_3_0_config3_1_s_fu_121,,module_status12.csv
grp_multiheadattention_ap_fixed_ap_fixed_config3_s_fu_206.matrixmul_transpose_ap_fixed_ap_fixed_config3_1_U0,grp_softmax_legacy_ap_fixed_ap_fixed_softmax_config3_s_fu_50,,module_status13.csv
grp_multiheadattention_ap_fixed_ap_fixed_config3_s_fu_206.matrixmul_transpose_ap_fixed_ap_fixed_config3_1_U0,grp_softmax_legacy_ap_fixed_ap_fixed_softmax_config3_s_fu_78,,module_status14.csv
grp_multiheadattention_ap_fixed_ap_fixed_config3_s_fu_206.matrixmul_transpose_ap_fixed_ap_fixed_config3_1_U0,grp_softmax_legacy_ap_fixed_ap_fixed_softmax_config3_s_fu_106,,module_status15.csv
grp_multiheadattention_ap_fixed_ap_fixed_config3_s_fu_206.matrixmul_transpose_ap_fixed_ap_fixed_config3_1_U0,grp_softmax_legacy_ap_fixed_ap_fixed_softmax_config3_s_fu_134,,module_status16.csv
grp_multiheadattention_ap_fixed_ap_fixed_config3_s_fu_206.matrixmul_transpose_ap_fixed_ap_fixed_config3_1_U0,grp_softmax_legacy_ap_fixed_ap_fixed_softmax_config3_s_fu_162,,module_status17.csv
grp_multiheadattention_ap_fixed_ap_fixed_config3_s_fu_206.matrixmul_transpose_ap_fixed_ap_fixed_config3_1_U0,grp_softmax_legacy_ap_fixed_ap_fixed_softmax_config3_s_fu_190,,module_status18.csv
grp_multiheadattention_ap_fixed_ap_fixed_config3_s_fu_206.matrixmul_transpose_ap_fixed_ap_fixed_config3_1_U0,grp_softmax_legacy_ap_fixed_ap_fixed_softmax_config3_s_fu_218,,module_status19.csv
grp_multiheadattention_ap_fixed_ap_fixed_config3_s_fu_206.matrixmul_transpose_ap_fixed_ap_fixed_config3_1_U0,grp_softmax_legacy_ap_fixed_ap_fixed_softmax_config3_s_fu_246,,module_status20.csv
grp_multiheadattention_ap_fixed_ap_fixed_config3_s_fu_206.matrixmul_transpose_ap_fixed_ap_fixed_config3_1_U0,grp_softmax_legacy_ap_fixed_ap_fixed_softmax_config3_s_fu_274,,module_status21.csv
grp_multiheadattention_ap_fixed_ap_fixed_config3_s_fu_206.matrixmul_transpose_ap_fixed_ap_fixed_config3_1_U0,grp_softmax_legacy_ap_fixed_ap_fixed_softmax_config3_s_fu_302,,module_status22.csv
grp_multiheadattention_ap_fixed_ap_fixed_config3_s_fu_206.matrixmul_transpose_ap_fixed_ap_fixed_config3_1_U0,grp_softmax_legacy_ap_fixed_ap_fixed_softmax_config3_s_fu_330,,module_status23.csv
grp_multiheadattention_ap_fixed_ap_fixed_config3_s_fu_206.matrixmul_transpose_ap_fixed_ap_fixed_config3_1_U0,grp_softmax_legacy_ap_fixed_ap_fixed_softmax_config3_s_fu_358,,module_status24.csv
grp_multiheadattention_ap_fixed_ap_fixed_config3_s_fu_206.matrixmul_transpose_ap_fixed_ap_fixed_config3_1_U0,grp_softmax_legacy_ap_fixed_ap_fixed_softmax_config3_s_fu_386,,module_status25.csv
grp_multiheadattention_ap_fixed_ap_fixed_config3_s_fu_206.matrixmul_transpose_ap_fixed_ap_fixed_config3_1_U0,grp_softmax_legacy_ap_fixed_ap_fixed_softmax_config3_s_fu_414,,module_status26.csv
grp_multiheadattention_ap_fixed_ap_fixed_config3_s_fu_206.matrixmul_transpose_ap_fixed_ap_fixed_config3_1_U0,grp_softmax_legacy_ap_fixed_ap_fixed_softmax_config3_s_fu_442,,module_status27.csv
grp_multiheadattention_ap_fixed_ap_fixed_config3_s_fu_206.matrixmul_transpose_ap_fixed_ap_fixed_config3_1_U0,grp_softmax_legacy_ap_fixed_ap_fixed_softmax_config3_s_fu_470,,module_status28.csv
grp_multiheadattention_ap_fixed_ap_fixed_config3_s_fu_206.matrixmul_transpose_ap_fixed_ap_fixed_config3_1_U0,grp_softmax_legacy_ap_fixed_ap_fixed_softmax_config3_s_fu_498,,module_status29.csv
grp_multiheadattention_ap_fixed_ap_fixed_config3_s_fu_206.matrixmul_transpose_ap_fixed_ap_fixed_config3_1_U0,grp_softmax_legacy_ap_fixed_ap_fixed_softmax_config3_s_fu_526,,module_status30.csv
grp_multiheadattention_ap_fixed_ap_fixed_config3_s_fu_206.matrixmul_transpose_ap_fixed_ap_fixed_config3_1_U0,grp_softmax_legacy_ap_fixed_ap_fixed_softmax_config3_s_fu_554,,module_status31.csv
grp_multiheadattention_ap_fixed_ap_fixed_config3_s_fu_206.matrixmul_transpose_ap_fixed_ap_fixed_config3_1_U0,grp_softmax_legacy_ap_fixed_ap_fixed_softmax_config3_s_fu_582,,module_status32.csv
grp_multiheadattention_ap_fixed_ap_fixed_config3_s_fu_206.matrixmul_transpose_ap_fixed_ap_fixed_config3_U0,grp_softmax_legacy_ap_fixed_ap_fixed_softmax_config3_s_fu_50,,module_status33.csv
grp_multiheadattention_ap_fixed_ap_fixed_config3_s_fu_206.matrixmul_transpose_ap_fixed_ap_fixed_config3_U0,grp_softmax_legacy_ap_fixed_ap_fixed_softmax_config3_s_fu_78,,module_status34.csv
grp_multiheadattention_ap_fixed_ap_fixed_config3_s_fu_206.matrixmul_transpose_ap_fixed_ap_fixed_config3_U0,grp_softmax_legacy_ap_fixed_ap_fixed_softmax_config3_s_fu_106,,module_status35.csv
grp_multiheadattention_ap_fixed_ap_fixed_config3_s_fu_206.matrixmul_transpose_ap_fixed_ap_fixed_config3_U0,grp_softmax_legacy_ap_fixed_ap_fixed_softmax_config3_s_fu_134,,module_status36.csv
grp_multiheadattention_ap_fixed_ap_fixed_config3_s_fu_206.matrixmul_transpose_ap_fixed_ap_fixed_config3_U0,grp_softmax_legacy_ap_fixed_ap_fixed_softmax_config3_s_fu_162,,module_status37.csv
grp_multiheadattention_ap_fixed_ap_fixed_config3_s_fu_206.matrixmul_transpose_ap_fixed_ap_fixed_config3_U0,grp_softmax_legacy_ap_fixed_ap_fixed_softmax_config3_s_fu_190,,module_status38.csv
grp_multiheadattention_ap_fixed_ap_fixed_config3_s_fu_206.matrixmul_transpose_ap_fixed_ap_fixed_config3_U0,grp_softmax_legacy_ap_fixed_ap_fixed_softmax_config3_s_fu_218,,module_status39.csv
grp_multiheadattention_ap_fixed_ap_fixed_config3_s_fu_206.matrixmul_transpose_ap_fixed_ap_fixed_config3_U0,grp_softmax_legacy_ap_fixed_ap_fixed_softmax_config3_s_fu_246,,module_status40.csv
grp_multiheadattention_ap_fixed_ap_fixed_config3_s_fu_206.matrixmul_transpose_ap_fixed_ap_fixed_config3_U0,grp_softmax_legacy_ap_fixed_ap_fixed_softmax_config3_s_fu_274,,module_status41.csv
grp_multiheadattention_ap_fixed_ap_fixed_config3_s_fu_206.matrixmul_transpose_ap_fixed_ap_fixed_config3_U0,grp_softmax_legacy_ap_fixed_ap_fixed_softmax_config3_s_fu_302,,module_status42.csv
grp_multiheadattention_ap_fixed_ap_fixed_config3_s_fu_206.matrixmul_transpose_ap_fixed_ap_fixed_config3_U0,grp_softmax_legacy_ap_fixed_ap_fixed_softmax_config3_s_fu_330,,module_status43.csv
grp_multiheadattention_ap_fixed_ap_fixed_config3_s_fu_206.matrixmul_transpose_ap_fixed_ap_fixed_config3_U0,grp_softmax_legacy_ap_fixed_ap_fixed_softmax_config3_s_fu_358,,module_status44.csv
grp_multiheadattention_ap_fixed_ap_fixed_config3_s_fu_206.matrixmul_transpose_ap_fixed_ap_fixed_config3_U0,grp_softmax_legacy_ap_fixed_ap_fixed_softmax_config3_s_fu_386,,module_status45.csv
grp_multiheadattention_ap_fixed_ap_fixed_config3_s_fu_206.matrixmul_transpose_ap_fixed_ap_fixed_config3_U0,grp_softmax_legacy_ap_fixed_ap_fixed_softmax_config3_s_fu_414,,module_status46.csv
grp_multiheadattention_ap_fixed_ap_fixed_config3_s_fu_206.matrixmul_transpose_ap_fixed_ap_fixed_config3_U0,grp_softmax_legacy_ap_fixed_ap_fixed_softmax_config3_s_fu_442,,module_status47.csv
grp_multiheadattention_ap_fixed_ap_fixed_config3_s_fu_206.matrixmul_transpose_ap_fixed_ap_fixed_config3_U0,grp_softmax_legacy_ap_fixed_ap_fixed_softmax_config3_s_fu_470,,module_status48.csv
grp_multiheadattention_ap_fixed_ap_fixed_config3_s_fu_206.matrixmul_transpose_ap_fixed_ap_fixed_config3_U0,grp_softmax_legacy_ap_fixed_ap_fixed_softmax_config3_s_fu_498,,module_status49.csv
grp_multiheadattention_ap_fixed_ap_fixed_config3_s_fu_206.matrixmul_transpose_ap_fixed_ap_fixed_config3_U0,grp_softmax_legacy_ap_fixed_ap_fixed_softmax_config3_s_fu_526,,module_status50.csv
grp_multiheadattention_ap_fixed_ap_fixed_config3_s_fu_206.matrixmul_transpose_ap_fixed_ap_fixed_config3_U0,grp_softmax_legacy_ap_fixed_ap_fixed_softmax_config3_s_fu_554,,module_status51.csv
grp_multiheadattention_ap_fixed_ap_fixed_config3_s_fu_206.matrixmul_transpose_ap_fixed_ap_fixed_config3_U0,grp_softmax_legacy_ap_fixed_ap_fixed_softmax_config3_s_fu_582,,module_status52.csv
grp_multiheadattention_ap_fixed_ap_fixed_config3_s_fu_206.dense_out_ap_fixed_ap_fixed_16_6_5_3_0_config3_U0,grp_dense_latency_ap_fixed_ap_fixed_16_6_5_3_0_config3_2_s_fu_768,,module_status53.csv
